country,continent,year,lower_secondary_enrollment_ratio_female,lower_secondary_enrollment_ratio_male,lower_secondary_total_enrolled_thousands,primary_enrollment_ratio_female,primary_enrollment_ratio_male,primary_total_enrolled_thousands,upper_secondary_enrollment_ratio_female,upper_secondary_enrollment_ratio_male,upper_secondary_total_enrolled_thousands
Afghanistan,Asia,2005,0.127,0.369,461.0,0.718,1.2309999999999999,4319.0,0.049,0.175,190.0
Afghanistan,Asia,2010,0.46399999999999997,0.8740000000000001,1477.0,0.8059999999999999,1.186,5279.0,0.17800000000000002,0.42700000000000005,567.0
Afghanistan,Asia,2015,0.455,0.779,1669.0,0.835,1.227,6199.0,0.271,0.526,982.0
Afghanistan,Asia,2018,0.506,0.863,1983.0,0.8290000000000001,1.242,6545.0,0.285,0.524,1081.0
Afghanistan,Asia,2019,0.522,0.8759999999999999,2067.0,0.8540000000000001,1.271,6778.0,,,
Albania,Europe,2005,0.968,0.9620000000000001,251.0,1.01,1.004,238.0,0.568,0.621,156.0
Albania,Europe,2010,0.955,0.9309999999999999,215.0,0.938,0.932,225.0,0.79,0.8109999999999999,141.0
Albania,Europe,2015,0.9990000000000001,0.9940000000000001,175.0,1.073,1.04,188.0,0.8959999999999999,0.996,140.0
Albania,Europe,2021,1.003,0.966,128.0,0.968,0.951,159.0,0.948,0.9259999999999999,108.0
Algeria,Africa,2005,1.033,1.092,2438.0,1.033,1.117,4362.0,0.624,0.423,1216.0
Algeria,Africa,2010,1.237,1.348,3310.0,1.115,1.19,3312.0,0.6970000000000001,0.49200000000000005,1306.0
Algeria,Africa,2011,1.265,1.368,3240.0,1.128,1.202,3363.0,0.728,0.526,1333.0
Algeria,Africa,2015,,,,1.13,1.187,3925.0,,,
Algeria,Africa,2022,,,,1.075,1.105,5051.0,,,
Andorra,Europe,2005,,,3.0,,,4.0,,,1.0
Andorra,Europe,2010,,,3.0,,,4.0,,,1.0
Andorra,Europe,2015,,,3.0,,,4.0,,,1.0
Andorra,Europe,2021,,,3.0,,,4.0,,,2.0
Angola,Africa,2002,0.175,0.203,349.0,,,,,,
Angola,Africa,2010,0.28600000000000003,0.38299999999999995,567.0,0.941,1.177,4273.0,0.132,0.237,283.0
Angola,Africa,2011,0.27,0.39299999999999996,581.0,0.925,1.469,5027.0,0.13699999999999998,0.24600000000000002,304.0
Angola,Africa,2015,,,,1.0590000000000002,1.2109999999999999,5621.0,,,
Angola,Africa,2016,0.536,0.9,1526.0,0.97,1.073,5259.0,0.24100000000000002,0.299,508.0
Angola,Africa,2018,,,,0.8220000000000001,0.878,4697.0,,,
Anguilla,North America,2005,0.955,0.99,1.0,1.145,1.125,1.0,0.935,0.92,0.0
Anguilla,North America,2010,1.089,1.182,1.0,1.189,1.244,2.0,1.139,1.032,0.0
Anguilla,North America,2011,1.212,1.099,1.0,1.19,1.242,2.0,1.042,1.205,0.0
Anguilla,North America,2015,,,,1.089,1.084,2.0,,,
Anguilla,North America,2019,1.02,1.042,1.0,1.058,1.068,2.0,0.9490000000000001,0.995,0.0
Antigua and Barbuda,North America,2000,0.759,0.86,3.0,,,,,,
Antigua and Barbuda,North America,2010,1.2309999999999999,1.37,6.0,1.073,1.172,11.0,1.042,0.6809999999999999,3.0
Antigua and Barbuda,North America,2015,1.224,1.2690000000000001,5.0,1.032,1.068,10.0,0.907,0.79,3.0
Antigua and Barbuda,North America,2018,1.083,1.242,5.0,1.046,1.054,10.0,1.102,0.975,3.0
Antigua and Barbuda,North America,2019,,,,1.01,1.034,10.0,,,
Argentina,South America,2005,1.1740000000000002,1.1159999999999999,2437.0,1.147,1.158,4873.0,0.7559999999999999,0.652,1448.0
Argentina,South America,2010,1.311,1.2590000000000001,2693.0,1.162,1.177,4947.0,0.778,0.647,1520.0
Argentina,South America,2015,1.2890000000000001,1.28,2723.0,1.112,1.114,4784.0,0.9109999999999999,0.794,1779.0
Argentina,South America,2020,1.271,1.266,2722.0,1.092,1.0859999999999999,4804.0,0.9790000000000001,0.889,1990.0
Armenia,Asia,2005,0.9570000000000001,0.972,267.0,0.963,0.946,125.0,,,102.0
Armenia,Asia,2010,1.069,1.075,209.0,1.0070000000000001,0.977,102.0,0.977,1.0170000000000001,97.0
Armenia,Asia,2015,,,,0.958,0.943,145.0,0.95,0.853,97.0
Armenia,Asia,2021,0.919,0.904,181.0,0.914,0.909,156.0,0.872,0.825,88.0
Aruba,North America,2005,1.05,1.183,3.0,1.078,1.149,10.0,0.898,0.7959999999999999,4.0
Aruba,North America,2010,1.09,1.165,3.0,1.13,1.145,10.0,0.912,0.785,4.0
Aruba,North America,2012,1.199,1.173,4.0,1.054,1.028,9.0,1.07,1.056,5.0
Aruba,North America,2015,,,,1.129,1.17,10.0,,,
Aruba,North America,2016,,,,,,9.0,,,
Australia,Oceania,2005,,,,1.036,1.02,1935.0,,,
Australia,Oceania,2010,,,,1.055,1.057,2015.0,,,
Australia,Oceania,2015,1.165,1.3090000000000002,1408.0,1.016,1.016,2141.0,2.0269999999999997,2.398,1301.0
Australia,Oceania,2020,1.0659999999999998,1.114,1382.0,0.9890000000000001,0.991,2269.0,1.8459999999999999,1.906,1135.0
Austria,Europe,2005,1.013,1.024,399.0,1.008,1.0090000000000001,363.0,0.943,1.031,382.0
Austria,Europe,2010,1.018,1.02,361.0,0.991,1.004,328.0,0.9229999999999999,0.996,383.0
Austria,Europe,2015,0.997,1.005,334.0,1.015,1.024,328.0,0.973,1.036,358.0
Austria,Europe,2020,1.015,1.013,342.0,1.022,1.028,344.0,0.9740000000000001,1.013,352.0
Azerbaijan,Asia,2005,0.8909999999999999,0.927,813.0,0.9279999999999999,0.982,568.0,,,
Azerbaijan,Asia,2010,0.905,0.929,666.0,0.932,0.9420000000000001,482.0,,,
Azerbaijan,Asia,2015,0.892,0.917,574.0,1.056,1.074,551.0,,,
Azerbaijan,Asia,2021,1.025,1.03,728.0,0.948,0.9390000000000001,646.0,0.747,0.78,286.0
Bahamas,North America,2005,0.935,0.99,18.0,0.988,1.0190000000000001,37.0,0.826,0.7859999999999999,15.0
Bahamas,North America,2006,0.961,0.991,18.0,0.945,0.976,36.0,0.828,0.809,15.0
Bahamas,North America,2010,0.925,0.9109999999999999,18.0,,,34.0,0.898,0.84,17.0
Bahamas,North America,2013,0.7929999999999999,0.772,15.0,,,32.0,0.785,0.726,15.0
Bahamas,North America,2015,,,13.0,,,33.0,,,13.0
Bahamas,North America,2019,,,14.0,,,30.0,,,13.0
Bahrain,Asia,2005,1.054,1.008,39.0,0.975,0.941,83.0,0.973,0.82,33.0
Bahrain,Asia,2006,1.041,0.981,40.0,1.01,0.961,90.0,0.98,0.8590000000000001,34.0
Bahrain,Asia,2010,0.941,0.9570000000000001,42.0,,,,0.929,0.885,38.0
Bahrain,Asia,2015,0.995,1.034,47.0,1.0170000000000001,1.0070000000000001,108.0,1.042,1.015,45.0
Bahrain,Asia,2019,1.012,0.955,53.0,0.977,0.983,116.0,1.0190000000000001,0.909,49.0
Bangladesh,Asia,2005,0.706,0.628,6233.0,1.04,0.9940000000000001,16219.0,0.315,0.32299999999999995,3877.0
Bangladesh,Asia,2010,0.736,0.598,6377.0,1.093,1.028,16987.0,0.4,0.402,4957.0
Bangladesh,Asia,2011,0.764,0.603,6533.0,1.072,1.055,16965.0,0.406,0.4,5010.0
Bangladesh,Asia,2015,0.9590000000000001,0.77,8247.0,,,,0.498,0.503,6320.0
Bangladesh,Asia,2021,1.012,0.748,7853.0,1.171,1.149,16965.0,0.754,0.5820000000000001,8170.0
Barbados,North America,2005,1.023,1.0659999999999998,12.0,0.9590000000000001,0.963,22.0,1.167,1.13,9.0
Barbados,North America,2010,0.972,1.0170000000000001,11.0,1.004,0.988,23.0,1.094,1.0170000000000001,8.0
Barbados,North America,2015,1.068,1.043,12.0,0.956,0.9620000000000001,21.0,1.135,1.078,8.0
Barbados,North America,2021,1.011,1.0290000000000001,11.0,0.9690000000000001,0.997,19.0,1.1520000000000001,1.06,8.0
Belarus,Europe,2005,1.107,1.139,706.0,0.9670000000000001,1.0,380.0,,,
Belarus,Europe,2010,0.9840000000000001,0.991,468.0,1.043,1.045,358.0,1.23,1.3230000000000002,294.0
Belarus,Europe,2015,1.024,1.023,445.0,0.992,0.991,387.0,1.101,1.159,200.0
Belarus,Europe,2021,1.045,1.047,508.0,0.9440000000000001,0.94,445.0,1.022,1.073,191.0
Belgium,Europe,2005,1.8230000000000002,1.588,431.0,1.002,1.0070000000000001,739.0,1.624,1.472,770.0
Belgium,Europe,2010,1.395,1.347,339.0,1.018,1.02,732.0,1.806,1.526,864.0
Belgium,Europe,2015,1.867,1.756,445.0,1.031,1.032,783.0,1.6869999999999998,1.4280000000000002,773.0
Belgium,Europe,2020,1.714,1.621,440.0,1.0290000000000001,1.015,824.0,1.558,1.324,734.0
Belize,North America,2005,0.8590000000000001,0.862,23.0,1.1079999999999999,1.157,50.0,0.598,0.515,7.0
Belize,North America,2010,0.884,0.843,26.0,1.103,1.148,53.0,0.5660000000000001,0.473,7.0
Belize,North America,2015,0.9079999999999999,0.91,29.0,1.102,1.155,52.0,0.633,0.561,9.0
Belize,North America,2021,0.985,1.0,30.0,1.002,1.0490000000000002,47.0,0.7240000000000001,0.617,11.0
Belize,North America,2022,,,29.0,,,45.0,,,
Benin,Africa,2005,0.319,0.555,325.0,0.89,1.124,1318.0,0.152,0.29600000000000004,111.0
Benin,Africa,2010,,,,1.1320000000000001,1.2690000000000001,1788.0,,,
Benin,Africa,2015,0.6459999999999999,0.8,707.0,1.276,1.3719999999999999,2238.0,0.258,0.515,257.0
Benin,Africa,2021,0.544,0.607,658.0,1.121,1.212,2280.0,0.27399999999999997,0.397,260.0
Bermuda,North America,2005,0.91,0.846,2.0,1.0,0.951,5.0,0.7809999999999999,0.66,3.0
Bermuda,North America,2006,0.8340000000000001,0.851,2.0,1.012,0.938,5.0,0.747,0.625,2.0
Bermuda,North America,2010,0.9359999999999999,0.8109999999999999,2.0,,,4.0,0.7659999999999999,0.639,2.0
Bermuda,North America,2015,0.86,0.8440000000000001,2.0,1.002,1.021,4.0,0.782,0.6409999999999999,2.0
Bermuda,North America,2020,,,,1.005,0.965,4.0,,,
Bhutan,Asia,2005,0.527,0.535,34.0,0.899,0.922,99.0,0.218,0.317,8.0
Bhutan,Asia,2010,0.773,0.721,47.0,1.094,1.07,110.0,0.39799999999999996,0.43700000000000006,13.0
Bhutan,Asia,2015,0.9690000000000001,0.8759999999999999,54.0,1.048,1.037,99.0,0.674,0.691,21.0
Bhutan,Asia,2018,1.067,0.922,55.0,1.0070000000000001,1.0070000000000001,92.0,0.75,0.71,21.0
Bhutan,Asia,2021,1.036,0.88,51.0,1.077,1.038,80.0,,,
Bolivia,South America,2005,0.977,1.023,413.0,1.149,1.147,1513.0,0.782,0.82,625.0
Bolivia,South America,2010,0.977,1.003,435.0,1.042,1.048,1444.0,0.8370000000000001,0.8290000000000001,701.0
Bolivia,South America,2015,0.9590000000000001,1.004,453.0,0.9490000000000001,0.9690000000000001,1345.0,0.88,0.877,781.0
Bolivia,South America,2021,0.9620000000000001,0.985,452.0,0.9890000000000001,0.988,1394.0,0.8959999999999999,0.89,821.0
Bosnia and Herzegovina,Europe,2005,,,,,,,,,165.0
Bosnia and Herzegovina,Europe,2010,,,176.0,,,175.0,,,147.0
Bosnia and Herzegovina,Europe,2015,,,134.0,,,163.0,,,144.0
Bosnia and Herzegovina,Europe,2021,,,120.0,,,148.0,0.878,0.843,110.0
Botswana,Africa,2005,0.97,0.9179999999999999,118.0,1.104,1.119,329.0,0.6609999999999999,0.68,55.0
Botswana,Africa,2008,0.971,0.907,119.0,1.073,1.097,327.0,0.629,0.545,49.0
Botswana,Africa,2009,0.973,0.925,120.0,1.0659999999999998,1.0979999999999999,331.0,,,
Botswana,Africa,2010,,,,1.052,1.084,331.0,,,
Botswana,Africa,2015,0.978,0.948,124.0,1.021,1.044,345.0,,,
Botswana,Africa,2021,0.845,0.815,121.0,0.981,0.9990000000000001,365.0,0.6679999999999999,0.512,55.0
Brazil,South America,2005,1.128,1.067,15069.0,1.2919999999999998,1.3719999999999999,18661.0,0.98,0.8340000000000001,9794.0
Brazil,South America,2009,1.04,1.001,14416.0,1.2819999999999998,1.339,17452.0,0.995,0.795,9201.0
Brazil,South America,2010,,,14255.0,,,16893.0,,,9284.0
Brazil,South America,2015,1.07,1.0859999999999999,13815.0,1.067,1.115,16299.0,0.998,0.855,9687.0
Brazil,South America,2020,1.102,1.1,13102.0,1.0290000000000001,1.081,15367.0,1.0190000000000001,0.915,9060.0
British Virgin Islands,North America,2005,1.35,1.16,1.0,1.0979999999999999,1.148,3.0,1.0590000000000002,1.0170000000000001,1.0
British Virgin Islands,North America,2010,1.149,1.218,1.0,1.072,1.1,3.0,0.997,0.831,1.0
British Virgin Islands,North America,2015,1.057,1.022,1.0,1.145,1.2229999999999999,3.0,0.8340000000000001,0.691,1.0
British Virgin Islands,North America,2018,,,1.0,1.025,1.026,3.0,0.615,0.474,1.0
British Virgin Islands,North America,2021,1.048,1.1159999999999999,1.0,1.3019999999999998,1.315,3.0,,,1.0
Brunei Darussalam,Asia,2005,1.112,1.198,23.0,1.084,1.127,46.0,0.8390000000000001,0.787,21.0
Brunei Darussalam,Asia,2010,1.0390000000000001,1.043,15.0,1.063,1.068,44.0,0.977,0.966,34.0
Brunei Darussalam,Asia,2015,1.035,1.055,14.0,1.053,1.057,40.0,1.093,1.084,38.0
Brunei Darussalam,Asia,2020,1.068,1.065,13.0,0.985,0.981,40.0,0.878,0.8370000000000001,28.0
Bulgaria,Europe,2005,0.8540000000000001,0.912,312.0,1.028,1.0390000000000001,290.0,0.89,0.909,373.0
Bulgaria,Europe,2010,0.838,0.8909999999999999,225.0,1.082,1.085,260.0,0.917,0.945,307.0
Bulgaria,Europe,2015,0.893,0.9359999999999999,224.0,0.937,0.9470000000000001,262.0,1.1179999999999999,1.141,278.0
Bulgaria,Europe,2020,0.684,0.688,199.0,0.85,0.8540000000000001,248.0,1.088,1.123,274.0
Burkina Faso,Africa,2005,0.162,0.22,237.0,0.518,0.6459999999999999,1271.0,0.053,0.08800000000000001,59.0
Burkina Faso,Africa,2010,0.265,0.33,440.0,0.743,0.816,2048.0,0.076,0.124,98.0
Burkina Faso,Africa,2015,0.46799999999999997,0.47600000000000003,812.0,0.872,0.895,2707.0,0.106,0.161,153.0
Burkina Faso,Africa,2021,0.546,0.456,1042.0,0.93,0.914,3290.0,0.225,0.25,329.0
Burundi,Africa,2005,0.14400000000000002,0.18899999999999997,132.0,0.747,0.873,1037.0,0.059000000000000004,0.09,39.0
Burundi,Africa,2010,0.26899999999999996,0.355,263.0,1.364,1.38,1850.0,0.092,0.155,75.0
Burundi,Africa,2015,0.573,0.5670000000000001,500.0,1.328,1.29,2072.0,0.226,0.304,164.0
Burundi,Africa,2020,0.528,0.41700000000000004,392.0,1.159,1.1440000000000001,2302.0,0.516,0.445,350.0
Cabo Verde,Africa,2005,0.988,0.882,36.0,1.117,1.167,83.0,0.504,0.44299999999999995,17.0
Cabo Verde,Africa,2010,1.15,1.0390000000000001,38.0,1.07,1.1520000000000001,71.0,0.748,0.565,24.0
Cabo Verde,Africa,2015,1.1320000000000001,1.114,35.0,1.0170000000000001,1.092,66.0,0.865,0.677,24.0
Cabo Verde,Africa,2019,1.052,1.056,32.0,0.9790000000000001,1.0390000000000001,63.0,0.799,0.647,22.0
Cambodia,Asia,2005,0.44799999999999995,0.5589999999999999,531.0,1.26,1.3559999999999999,2695.0,,,
Cambodia,Asia,2008,0.579,0.632,644.0,1.197,1.276,2341.0,0.243,0.33,286.0
Cambodia,Asia,2010,0.585,0.605,594.0,1.202,1.274,2273.0,,,
Cambodia,Asia,2015,0.619,0.599,547.0,1.06,1.102,2012.0,,,
Cambodia,Asia,2021,0.754,0.64,670.0,1.0190000000000001,1.0390000000000001,2133.0,0.48200000000000004,0.409,392.0
Cameroon,Africa,2005,0.287,0.36,556.0,0.943,1.125,2978.0,0.168,0.218,228.0
Cameroon,Africa,2010,0.46,0.569,970.0,1.002,1.16,3510.0,0.287,0.35200000000000004,420.0
Cameroon,Africa,2015,0.643,0.735,1470.0,1.099,1.224,4370.0,0.397,0.49,638.0
Cameroon,Africa,2021,0.43799999999999994,0.496,1190.0,1.038,1.145,4732.0,0.402,0.449,729.0
Canada,North America,2005,0.9790000000000001,0.996,844.0,0.9690000000000001,0.978,2321.0,1.014,1.0390000000000001,1758.0
Canada,North America,2010,0.992,1.005,799.0,0.9890000000000001,0.9840000000000001,2168.0,1.02,1.05,1812.0
Canada,North America,2015,1.01,1.008,1152.0,1.0290000000000001,1.021,2304.0,1.199,1.182,1490.0
Canada,North America,2020,1.0979999999999999,1.091,1282.0,1.015,1.022,2428.0,1.213,1.194,1400.0
Cayman Islands,North America,2005,0.838,0.9420000000000001,2.0,0.8320000000000001,0.871,3.0,0.7140000000000001,0.7170000000000001,1.0
Cayman Islands,North America,2008,0.8690000000000001,0.818,2.0,0.9279999999999999,0.9890000000000001,4.0,0.8140000000000001,0.7120000000000001,2.0
Cayman Islands,North America,2013,0.946,0.917,2.0,0.884,0.867,4.0,0.743,0.7390000000000001,2.0
Cayman Islands,North America,2015,,,,0.8909999999999999,0.919,4.0,,,2.0
Cayman Islands,North America,2018,0.8370000000000001,0.802,2.0,0.861,0.8909999999999999,4.0,0.7120000000000001,0.726,2.0
Cayman Islands,North America,2020,,,2.0,,,5.0,0.7120000000000001,0.6609999999999999,2.0
Cayman Islands,North America,2021,,,,0.943,0.937,5.0,,,3.0
Central African Republic,Africa,2002,0.105,0.191,53.0,,,,,,
Central African Republic,Africa,2005,,,,0.526,0.7509999999999999,412.0,,,
Central African Republic,Africa,2009,0.127,0.22399999999999998,72.0,0.7140000000000001,0.987,608.0,0.055999999999999994,0.1,22.0
Central African Republic,Africa,2010,,,,0.7340000000000001,1.012,637.0,,,
Central African Republic,Africa,2012,0.153,0.303,99.0,0.757,0.998,662.0,0.069,0.11699999999999999,27.0
Central African Republic,Africa,2017,0.183,0.263,108.0,1.11,1.45,1029.0,0.07,0.11800000000000001,30.0
Chad,Africa,2005,0.10400000000000001,0.278,182.0,0.578,0.853,1262.0,0.044000000000000004,0.16,63.0
Chad,Africa,2010,0.16399999999999998,0.366,307.0,0.691,0.946,1727.0,0.087,0.242,124.0
Chad,Africa,2015,0.171,0.34600000000000003,357.0,0.794,1.037,2270.0,0.09,0.253,156.0
Chad,Africa,2021,0.20600000000000002,0.325,443.0,0.833,1.041,2719.0,0.13,0.266,221.0
Chile,South America,2005,1.006,1.0290000000000001,601.0,1.021,1.069,1721.0,0.9079999999999999,0.878,1029.0
Chile,South America,2010,0.981,0.9840000000000001,527.0,1.022,1.052,1547.0,0.883,0.841,992.0
Chile,South America,2015,1.044,1.064,514.0,0.991,1.022,1478.0,1.01,0.991,1032.0
Chile,South America,2020,1.032,1.069,524.0,0.998,1.031,1542.0,1.031,1.0270000000000001,1012.0
China,Asia,2003,0.833,0.862,67153.0,,,,,,
China,Asia,2010,1.008,0.998,54525.0,0.98,0.998,101019.0,0.7609999999999999,0.775,44693.0
China,Asia,2015,,,44411.0,0.9640000000000001,0.9620000000000001,95958.0,0.8109999999999999,0.774,41716.0
China,Asia,2021,,,49277.0,1.046,1.037,107730.0,0.855,0.838,41642.0
Hong Kong,Asia,2005,0.993,0.998,257.0,,,451.0,0.705,0.685,241.0
Hong Kong,Asia,2010,1.041,1.051,241.0,,,349.0,0.777,0.764,267.0
Hong Kong,Asia,2015,1.056,1.079,183.0,1.112,1.093,333.0,0.9790000000000001,0.992,211.0
Hong Kong,Asia,2021,1.074,1.057,180.0,1.06,1.016,368.0,1.047,1.079,163.0
Macao,Asia,2005,1.001,1.0979999999999999,27.0,0.968,1.03,37.0,0.688,0.7040000000000001,20.0
Macao,Asia,2010,1.006,1.087,20.0,0.94,0.958,25.0,0.753,0.733,18.0
Macao,Asia,2015,1.0270000000000001,1.069,14.0,0.985,1.001,24.0,0.8740000000000001,0.867,16.0
Macao,Asia,2021,1.087,1.094,15.0,0.9640000000000001,0.985,35.0,1.004,1.004,13.0
Colombia,South America,2005,0.946,0.8740000000000001,3192.0,1.204,1.226,5298.0,0.718,0.604,1105.0
Colombia,South America,2010,1.1,1.034,3681.0,1.193,1.213,5085.0,0.87,0.726,1398.0
Colombia,South America,2015,1.047,1.013,3458.0,1.1340000000000001,1.17,4479.0,0.852,0.72,1335.0
Colombia,South America,2021,1.143,1.13,3486.0,1.114,1.149,4192.0,0.9440000000000001,0.836,1441.0
Comoros,Africa,2004,0.431,0.5720000000000001,29.0,,,,,,
Comoros,Africa,2008,,,,1.041,1.13,111.0,,,
Comoros,Africa,2014,0.687,0.654,45.0,1.012,1.0859999999999999,120.0,0.551,0.5,25.0
Comoros,Africa,2018,0.708,0.677,51.0,0.9940000000000001,0.996,124.0,0.478,0.429,23.0
Congo,Africa,2005,0.58,0.6609999999999999,197.0,1.046,1.124,597.0,,,
Congo,Africa,2010,,,,1.061,1.122,705.0,0.251,0.426,84.0
Congo,Africa,2012,0.636,0.627,244.0,1.105,1.028,734.0,0.267,0.469,95.0
Congo,Africa,2014,,,,1.06,1.0759999999999998,787.0,0.368,0.47600000000000003,115.0
Congo,Africa,2015,,,,1.112,1.099,842.0,,,140.0
Congo,Africa,2018,0.7240000000000001,0.754,346.0,0.924,0.95,783.0,0.508,0.595,171.0
Cook Islands,Oceania,2003,0.7559999999999999,0.79,1.0,,,,,,
Cook Islands,Oceania,2005,,,,0.833,0.8440000000000001,2.0,,,
Cook Islands,Oceania,2010,0.925,0.905,1.0,0.8540000000000001,0.898,2.0,0.778,0.617,1.0
Cook Islands,Oceania,2015,0.958,0.955,1.0,0.998,1.042,2.0,0.8270000000000001,0.715,1.0
Cook Islands,Oceania,2021,1.16,1.203,1.0,1.069,1.135,2.0,0.905,0.754,1.0
Costa Rica,North America,2005,0.971,0.965,246.0,1.104,1.133,542.0,0.63,0.5539999999999999,102.0
Costa Rica,North America,2010,1.177,1.186,287.0,1.157,1.18,521.0,0.8220000000000001,0.706,127.0
Costa Rica,North America,2015,1.3019999999999998,1.349,291.0,1.11,1.1159999999999999,473.0,1.182,0.9990000000000001,169.0
Costa Rica,North America,2020,1.386,1.357,292.0,1.16,1.141,493.0,1.6219999999999999,1.371,213.0
Costa Rica,North America,2021,,,,1.062,1.071,458.0,,,
Croatia,Europe,2005,1.054,1.033,208.0,1.033,1.034,196.0,0.856,0.815,192.0
Croatia,Europe,2010,1.079,1.047,208.0,0.92,0.919,167.0,0.9890000000000001,0.883,181.0
Croatia,Europe,2015,1.0859999999999999,1.043,179.0,1.006,1.006,162.0,0.9440000000000001,0.898,182.0
Croatia,Europe,2020,1.0959999999999999,1.036,176.0,0.93,0.9279999999999999,157.0,0.9670000000000001,0.914,148.0
Cuba,North America,2005,1.0070000000000001,1.031,490.0,0.996,1.026,895.0,0.8759999999999999,0.8240000000000001,448.0
Cuba,North America,2010,0.9359999999999999,0.955,415.0,1.002,1.026,853.0,0.9109999999999999,0.888,394.0
Cuba,North America,2015,0.9690000000000001,1.024,408.0,0.965,1.023,746.0,1.012,0.914,418.0
Cuba,North America,2021,0.895,0.893,323.0,1.005,1.024,756.0,1.051,1.041,396.0
Curaçao,North America,2010,,,,,,19.0,,,
Curaçao,North America,2013,1.002,0.976,4.0,1.577,1.642,21.0,0.861,0.768,7.0
Curaçao,North America,2015,,,,,,18.0,,,
Curaçao,North America,2020,0.997,0.971,9.0,1.0090000000000001,1.0659999999999998,13.0,1.672,1.0759999999999998,6.0
Curaçao,North America,2021,,,,,,16.0,,,
Cyprus,Asia,2005,0.973,0.9690000000000001,32.0,1.008,1.0090000000000001,61.0,0.976,0.9440000000000001,32.0
Cyprus,Asia,2010,0.966,0.966,31.0,1.016,1.016,55.0,0.8809999999999999,0.86,33.0
Cyprus,Asia,2015,0.992,1.0,27.0,0.993,0.993,54.0,0.996,1.003,30.0
Cyprus,Asia,2020,1.035,1.061,28.0,1.004,1.01,59.0,0.9640000000000001,1.0,28.0
Czechia,Europe,2005,0.998,0.991,495.0,0.985,0.9990000000000001,503.0,0.935,0.907,481.0
Czechia,Europe,2010,0.975,0.98,379.0,1.036,1.04,463.0,0.929,0.9159999999999999,458.0
Czechia,Europe,2015,1.01,1.012,370.0,0.997,0.993,535.0,1.102,1.08,400.0
Czechia,Europe,2020,0.993,0.986,439.0,1.001,0.998,572.0,1.04,1.026,394.0
Ivory Coast,Africa,2009,,,,0.6409999999999999,0.795,2383.0,,,
Ivory Coast,Africa,2015,0.44299999999999995,0.617,1179.0,0.8490000000000001,0.9640000000000001,3371.0,0.21600000000000003,0.324,408.0
Ivory Coast,Africa,2021,0.723,0.8140000000000001,1908.0,0.958,1.006,4103.0,0.32899999999999996,0.42100000000000004,656.0
Ivory Coast,Africa,2022,,,,0.971,1.016,4253.0,,,
North Korea,Asia,2009,,,,0.9940000000000001,0.9940000000000001,1547.0,,,
North Korea,Asia,2015,0.9079999999999999,0.903,1048.0,,,,0.9490000000000001,0.9309999999999999,1100.0
North Korea,Asia,2018,,,,0.893,0.893,1508.0,0.9540000000000001,0.934,1090.0
Democratic Republic of the Congo,Africa,2010,0.409,0.627,1561.0,0.93,1.069,10572.0,0.242,0.46399999999999997,1923.0
Democratic Republic of the Congo,Africa,2015,0.47600000000000003,0.7170000000000001,2152.0,1.0759999999999998,1.084,13763.0,0.295,0.47600000000000003,2467.0
Democratic Republic of the Congo,Africa,2020,,,,1.205,1.272,18789.0,,,
Denmark,Europe,2005,1.219,1.186,234.0,0.987,0.988,414.0,1.314,1.254,231.0
Denmark,Europe,2010,1.183,1.165,248.0,0.997,0.995,403.0,1.218,1.215,256.0
Denmark,Europe,2015,1.178,1.1640000000000001,242.0,1.008,1.021,469.0,1.4809999999999999,1.376,312.0
Denmark,Europe,2020,1.2,1.214,243.0,1.001,1.001,452.0,1.406,1.412,287.0
Djibouti,Africa,2005,0.22699999999999998,0.336,22.0,0.392,0.48,51.0,0.121,0.191,9.0
Djibouti,Africa,2009,0.395,0.47,32.0,0.585,0.589,56.0,0.198,0.268,13.0
Djibouti,Africa,2015,0.514,0.524,38.0,0.728,0.679,63.0,0.37200000000000005,0.419,22.0
Djibouti,Africa,2022,0.674,0.659,47.0,0.6940000000000001,0.774,72.0,0.44799999999999995,0.434,24.0
Dominica,North America,2005,1.117,1.138,5.0,0.915,0.914,9.0,1.005,0.741,2.0
Dominica,North America,2010,0.9620000000000001,1.0090000000000001,4.0,1.018,1.036,8.0,0.885,0.639,2.0
Dominica,North America,2015,1.043,1.122,4.0,1.1520000000000001,1.171,8.0,0.8009999999999999,0.7170000000000001,2.0
Dominica,North America,2021,1.0290000000000001,1.15,3.0,1.001,1.048,6.0,1.008,0.856,2.0
Dominican Republic,North America,2005,0.863,0.7659999999999999,316.0,1.055,1.111,1290.0,0.73,0.588,492.0
Dominican Republic,North America,2010,0.9229999999999999,0.897,355.0,1.034,1.173,1318.0,0.78,0.654,550.0
Dominican Republic,North America,2015,0.903,0.882,351.0,1.062,1.1640000000000001,1307.0,0.805,0.7,579.0
Dominican Republic,North America,2021,0.861,0.838,484.0,0.9520000000000001,0.981,1117.0,0.7190000000000001,0.604,380.0
Ecuador,South America,2005,0.691,0.71,605.0,1.099,1.099,1998.0,0.556,0.518,448.0
Ecuador,South America,2010,1.056,1.034,955.0,1.1320000000000001,1.129,2114.0,0.8290000000000001,0.765,700.0
Ecuador,South America,2015,1.138,1.1059999999999999,1043.0,1.079,1.074,1998.0,0.985,0.9329999999999999,889.0
Ecuador,South America,2021,1.043,1.0390000000000001,969.0,0.971,0.951,1850.0,0.996,0.9570000000000001,909.0
Egypt,Africa,2004,0.889,0.95,4636.0,,,,,,
Egypt,Africa,2005,,,,0.9309999999999999,0.982,9564.0,,,
Egypt,Africa,2010,0.889,0.895,4474.0,1.0070000000000001,1.037,10542.0,0.466,0.49700000000000005,2372.0
Egypt,Africa,2014,0.946,0.937,4814.0,1.037,1.04,11128.0,0.665,0.68,3394.0
Egypt,Africa,2019,1.0070000000000001,1.012,5407.0,1.069,1.06,13265.0,0.769,0.782,4006.0
El Salvador,North America,2005,0.8190000000000001,0.831,338.0,1.161,1.202,1045.0,0.522,0.502,187.0
El Salvador,North America,2010,0.897,0.9059999999999999,386.0,1.123,1.176,940.0,0.473,0.466,191.0
El Salvador,North America,2014,0.9590000000000001,0.97,386.0,1.0390000000000001,1.085,777.0,0.591,0.5670000000000001,239.0
El Salvador,North America,2015,,,366.0,,,741.0,0.586,0.5589999999999999,234.0
El Salvador,North America,2021,,,271.0,,,603.0,0.5660000000000001,0.519,186.0
Equatorial Guinea,Africa,2005,0.33799999999999997,0.42200000000000004,22.0,0.885,0.915,76.0,0.055999999999999994,0.133,4.0
Equatorial Guinea,Africa,2010,,,,0.6890000000000001,0.698,85.0,,,
Equatorial Guinea,Africa,2015,0.34,0.33,27.0,0.616,0.62,93.0,,,
Equatorial Guinea,Africa,2019,,,,0.662,0.669,118.0,,,
Eritrea,Africa,2005,0.48200000000000004,0.7490000000000001,139.0,1.008,1.24,378.0,0.172,0.326,78.0
Eritrea,Africa,2010,0.703,0.873,152.0,0.769,0.902,286.0,0.281,0.395,96.0
Eritrea,Africa,2015,0.597,0.7040000000000001,147.0,0.7040000000000001,0.8170000000000001,362.0,0.365,0.428,99.0
Eritrea,Africa,2019,0.603,0.674,177.0,0.634,0.736,347.0,0.29600000000000004,0.306,89.0
Estonia,Europe,2005,1.082,1.121,64.0,0.976,1.002,86.0,1.015,0.91,61.0
Estonia,Europe,2010,1.008,1.048,42.0,1.022,1.038,73.0,1.091,1.056,53.0
Estonia,Europe,2015,1.053,1.094,37.0,0.971,0.971,80.0,1.161,1.131,41.0
Estonia,Europe,2020,1.035,1.051,43.0,0.977,0.975,90.0,1.3359999999999999,1.207,46.0
Eswatini,Africa,2005,0.615,0.615,51.0,1.075,1.16,222.0,0.363,0.413,20.0
Eswatini,Africa,2010,0.731,0.76,61.0,1.188,1.31,241.0,0.495,0.539,28.0
Eswatini,Africa,2015,0.852,0.851,68.0,1.135,1.249,241.0,0.617,0.621,32.0
Eswatini,Africa,2016,0.8909999999999999,0.889,71.0,1.1179999999999999,1.218,239.0,0.7140000000000001,0.73,37.0
Eswatini,Africa,2019,,,,1.0979999999999999,1.19,236.0,,,
Ethiopia,Africa,2005,0.249,0.418,2290.0,0.7190000000000001,0.861,10020.0,0.052000000000000005,0.078,199.0
Ethiopia,Africa,2010,0.395,0.462,3610.0,0.88,0.9520000000000001,13635.0,0.134,0.191,597.0
Ethiopia,Africa,2015,0.42,0.439,4233.0,0.961,1.058,16198.0,0.174,0.177,796.0
Ethiopia,Africa,2017,0.409,0.45799999999999996,4423.0,0.9740000000000001,1.079,16845.0,0.11,0.122,559.0
Ethiopia,Africa,2018,,,,0.97,1.077,16998.0,0.105,0.11699999999999999,544.0
Ethiopia,Africa,2021,,,,1.011,1.1079999999999999,18447.0,,,
Fiji,Oceania,2004,1.069,1.022,68.0,,,,,,
Fiji,Oceania,2009,1.024,0.973,64.0,1.04,1.056,101.0,0.753,0.638,34.0
Fiji,Oceania,2010,1.004,0.966,62.0,,,,,,
Fiji,Oceania,2015,1.074,1.064,63.0,1.058,1.079,109.0,0.914,0.779,37.0
Fiji,Oceania,2021,1.033,1.05,68.0,1.117,1.157,119.0,0.956,0.755,39.0
Finland,Europe,2005,1.025,1.026,199.0,0.98,0.988,382.0,1.263,1.162,232.0
Finland,Europe,2010,0.992,0.9990000000000001,193.0,0.991,0.998,347.0,1.205,1.102,234.0
Finland,Europe,2015,1.0170000000000001,1.02,178.0,1.003,1.008,355.0,2.102,1.818,362.0
Finland,Europe,2020,1.034,1.043,187.0,0.9990000000000001,1.002,373.0,2.001,1.713,327.0
France,Europe,2005,1.054,1.0659999999999998,3352.0,1.041,1.051,4015.0,1.089,1.065,2684.0
France,Europe,2010,1.0270000000000001,1.031,3249.0,1.021,1.034,4159.0,1.127,1.0959999999999999,2624.0
France,Europe,2015,1.005,1.01,3376.0,1.0170000000000001,1.023,4256.0,1.0859999999999999,1.054,2607.0
France,Europe,2020,1.016,1.022,3446.0,1.024,1.032,4279.0,1.088,1.079,2711.0
Gabon,Africa,2002,,,79.0,,,,,,
Gabon,Africa,2011,,,,1.3769999999999998,1.421,318.0,,,
Gabon,Africa,2019,0.9109999999999999,0.8340000000000001,146.0,1.06,1.0959999999999999,270.0,0.5379999999999999,0.503,59.0
Gambia,Africa,2005,0.564,0.633,66.0,0.809,0.784,205.0,,,
Gambia,Africa,2010,0.5920000000000001,0.5770000000000001,75.0,0.8079999999999999,0.7879999999999999,229.0,0.382,0.441,49.0
Gambia,Africa,2015,0.64,0.62,90.0,0.93,0.871,294.0,,,
Gambia,Africa,2021,0.774,0.644,119.0,1.091,0.965,401.0,1.7519999999999998,1.504,250.0
Gambia,Africa,2022,0.787,0.63,123.0,1.097,0.963,414.0,,,
Georgia,Asia,2005,1.103,1.069,213.0,1.0290000000000001,0.9890000000000001,338.0,0.763,0.726,103.0
Georgia,Asia,2008,0.982,0.96,174.0,1.046,1.036,311.0,1.046,1.004,132.0
Georgia,Asia,2009,0.99,0.973,167.0,1.041,1.033,299.0,,,174.0
Georgia,Asia,2010,1.036,1.018,167.0,1.041,1.0270000000000001,289.0,,,
Georgia,Asia,2015,1.043,1.037,139.0,1.028,1.0270000000000001,289.0,0.976,0.929,138.0
Georgia,Asia,2021,0.945,0.934,138.0,1.011,1.004,336.0,1.095,1.0979999999999999,144.0
Germany,Europe,2005,1.037,1.044,5431.0,1.0290000000000001,1.033,3306.0,0.9590000000000001,1.021,2837.0
Germany,Europe,2010,1.013,1.028,4917.0,1.0270000000000001,1.033,3068.0,1.008,1.139,2747.0
Germany,Europe,2015,0.966,0.981,4543.0,1.016,1.0170000000000001,2879.0,0.96,1.067,2570.0
Germany,Europe,2020,0.9740000000000001,0.976,4478.0,1.015,1.0070000000000001,3015.0,0.898,1.025,2399.0
Ghana,Africa,2005,0.616,0.7,1010.0,0.847,0.883,2930.0,0.16,0.22,360.0
Ghana,Africa,2009,0.731,0.799,1272.0,0.995,1.011,3659.0,0.23600000000000002,0.29,540.0
Ghana,Africa,2015,0.8540000000000001,0.875,1591.0,1.083,1.084,4342.0,0.45799999999999996,0.509,848.0
Ghana,Africa,2021,0.905,0.879,1819.0,1.055,1.038,4730.0,0.695,0.7070000000000001,1344.0
Gibraltar,Europe,2001,1.091,1.084,1.0,,,,,,
Gibraltar,Europe,2009,0.865,0.868,1.0,1.128,1.109,3.0,0.7979999999999999,0.8370000000000001,1.0
Gibraltar,Europe,2021,0.97,1.072,1.0,1.165,1.092,3.0,0.91,0.968,1.0
Greece,Europe,2005,0.946,0.9940000000000001,335.0,0.968,0.9890000000000001,650.0,1.02,1.0659999999999998,381.0
Greece,Europe,2010,1.026,1.0859999999999999,353.0,0.9740000000000001,0.996,643.0,1.062,1.0759999999999998,364.0
Greece,Europe,2015,0.9740000000000001,1.025,321.0,0.991,1.0,644.0,0.9940000000000001,1.091,342.0
Greece,Europe,2020,1.002,1.037,333.0,1.015,1.0070000000000001,626.0,1.06,1.123,344.0
Grenada,North America,2005,1.15,1.196,8.0,1.0170000000000001,1.047,14.0,1.065,0.925,5.0
Grenada,North America,2010,1.2670000000000001,1.357,8.0,1.139,1.1909999999999998,14.0,1.071,0.852,4.0
Grenada,North America,2015,1.087,1.198,5.0,1.163,1.206,13.0,1.1340000000000001,1.033,4.0
Grenada,North America,2018,1.2409999999999999,1.236,6.0,1.06,1.077,13.0,1.192,1.103,4.0
Grenada,North America,2020,1.141,1.179,6.0,,,,1.17,1.016,3.0
Guatemala,North America,2005,0.496,0.5660000000000001,508.0,1.063,1.133,2345.0,0.29,0.28300000000000003,247.0
Guatemala,North America,2010,0.653,0.716,731.0,1.143,1.166,2653.0,0.353,0.349,351.0
Guatemala,North America,2015,0.672,0.7440000000000001,819.0,0.9990000000000001,1.031,2382.0,0.37200000000000005,0.361,401.0
Guatemala,North America,2021,0.606,0.63,712.0,1.012,1.028,2397.0,0.34700000000000003,0.307,383.0
Guinea,Africa,2005,0.24,0.46799999999999997,311.0,0.6940000000000001,0.866,1207.0,0.11800000000000001,0.267,109.0
Guinea,Africa,2008,0.303,0.499,380.0,0.754,0.9,1364.0,0.16,0.325,150.0
Guinea,Africa,2010,,,,0.76,0.9229999999999999,1453.0,,,
Guinea,Africa,2015,0.321,0.479,448.0,0.777,0.955,1649.0,0.22399999999999998,0.36200000000000004,219.0
Guinea,Africa,2020,0.337,0.47100000000000003,507.0,0.924,1.09,2108.0,0.252,0.342,256.0
Guinea-Bissau,Africa,2000,0.159,0.293,20.0,,,,,,
Guinea-Bissau,Africa,2005,,,,,,252.0,,,12.0
Guinea-Bissau,Africa,2010,,,,1.145,1.229,279.0,,,
Guyana,South America,2005,1.036,1.0190000000000001,53.0,1.006,1.011,117.0,0.66,0.629,18.0
Guyana,South America,2010,1.037,1.005,55.0,0.95,0.9790000000000001,99.0,0.74,0.696,25.0
Guyana,South America,2012,1.053,1.045,56.0,0.96,0.996,94.0,0.9,0.838,30.0
Honduras,North America,2005,0.679,0.569,336.0,1.0170000000000001,1.018,1232.0,,,
Honduras,North America,2010,0.703,0.617,404.0,1.0070000000000001,1.006,1275.0,0.767,0.55,251.0
Honduras,North America,2012,0.687,0.605,406.0,0.963,0.9670000000000001,1217.0,0.727,0.5329999999999999,253.0
Honduras,North America,2015,,,399.0,,,1154.0,,,239.0
Honduras,North America,2021,,,364.0,0.8859999999999999,0.871,1046.0,,,217.0
Hungary,Europe,2005,0.987,1.003,489.0,0.971,0.992,431.0,0.929,0.9329999999999999,472.0
Hungary,Europe,2010,0.961,0.987,419.0,1.005,1.012,388.0,0.9670000000000001,0.968,486.0
Hungary,Europe,2015,0.988,0.9990000000000001,385.0,1.022,1.025,396.0,1.0759999999999998,1.054,441.0
Hungary,Europe,2020,1.0090000000000001,1.013,394.0,0.9490000000000001,0.9690000000000001,359.0,1.046,1.053,408.0
Iceland,Europe,2005,1.043,1.045,14.0,0.9570000000000001,0.98,31.0,1.182,1.151,20.0
Iceland,Europe,2010,0.946,0.96,13.0,0.996,0.99,30.0,1.181,1.1420000000000001,22.0
Iceland,Europe,2015,1.006,0.997,13.0,0.986,0.987,30.0,1.329,1.317,24.0
Iceland,Europe,2020,1.005,1.023,13.0,1.014,1.006,33.0,1.2109999999999999,1.2770000000000001,21.0
India,Asia,2005,0.674,0.755,51644.0,,,,0.349,0.45299999999999996,37818.0
India,Asia,2010,0.789,0.81,59421.0,1.107,1.077,138414.0,0.474,0.525,48266.0
India,Asia,2015,0.905,0.8490000000000001,66460.0,1.022,0.983,127828.0,0.626,0.642,63083.0
India,Asia,2022,0.907,0.877,66914.0,1.12,1.11,131348.0,0.6990000000000001,0.722,72184.0
Indonesia,Asia,2005,0.73,0.716,9682.0,1.062,1.0959999999999999,29150.0,0.466,0.491,6311.0
Indonesia,Asia,2010,0.898,0.8740000000000001,11797.0,1.11,1.074,30342.0,0.631,0.645,8179.0
Indonesia,Asia,2015,0.978,0.9390000000000001,13400.0,1.044,1.074,29700.0,0.7440000000000001,0.778,10356.0
Indonesia,Asia,2018,0.981,0.9690000000000001,13720.0,1.046,1.081,29426.0,0.8190000000000001,0.787,11174.0
Indonesia,Asia,2020,,,,,,25203.0,,,
Iran,Asia,2005,0.915,1.016,4424.0,0.975,1.0090000000000001,6207.0,0.6579999999999999,0.639,4642.0
Iran,Asia,2010,0.898,0.965,3322.0,0.996,1.0170000000000001,5630.0,0.7040000000000001,0.745,4025.0
Iran,Asia,2014,0.925,0.986,2103.0,1.103,1.05,7441.0,0.773,0.833,3692.0
Iran,Asia,2015,,,,1.123,1.057,7670.0,,,
Iran,Asia,2020,0.9590000000000001,0.9790000000000001,3432.0,1.13,1.0659999999999998,8670.0,0.8140000000000001,0.812,2690.0
Iraq,Asia,2004,0.48,0.735,1131.0,,,,,,
Iraq,Asia,2007,0.5589999999999999,0.767,1307.0,0.991,1.178,4864.0,0.353,0.44799999999999995,731.0
Ireland,Europe,2005,1.0390000000000001,1.0,175.0,1.0290000000000001,1.033,454.0,1.3019999999999998,1.13,142.0
Ireland,Europe,2010,1.083,1.0659999999999998,183.0,1.033,1.032,506.0,1.416,1.2690000000000001,154.0
Ireland,Europe,2015,1.038,1.034,190.0,1.01,1.014,545.0,1.415,1.337,165.0
Ireland,Europe,2020,1.111,1.077,215.0,1.012,1.015,570.0,1.8780000000000001,1.611,228.0
Israel,Asia,2005,1.0,0.99,317.0,1.05,1.045,722.0,1.113,1.137,356.0
Israel,Asia,2010,1.051,1.025,367.0,1.057,1.052,807.0,1.0390000000000001,1.015,341.0
Israel,Asia,2015,1.057,1.052,407.0,1.06,1.053,884.0,1.026,1.01,378.0
Israel,Asia,2020,1.043,1.034,439.0,1.051,1.0390000000000001,980.0,1.073,1.05,424.0
Italy,Europe,2005,1.057,1.089,1792.0,1.016,1.03,2771.0,0.95,0.9420000000000001,2715.0
Italy,Europe,2010,1.0659999999999998,1.0959999999999999,1778.0,1.025,1.035,2822.0,0.9990000000000001,0.9990000000000001,2849.0
Italy,Europe,2015,1.042,1.06,1773.0,1.002,1.006,2856.0,1.0090000000000001,1.002,2833.0
Italy,Europe,2020,1.018,1.042,1778.0,0.998,0.998,2763.0,0.991,1.001,2859.0
Jamaica,North America,2005,0.9740000000000001,0.963,162.0,0.945,0.95,326.0,0.846,0.7290000000000001,85.0
Jamaica,North America,2007,0.986,0.977,166.0,0.9079999999999999,0.904,310.0,0.904,0.767,91.0
Jamaica,North America,2010,,,154.0,,,294.0,1.028,0.86,106.0
Jamaica,North America,2015,,,131.0,,,259.0,0.7859999999999999,0.74,84.0
Jamaica,North America,2021,,,119.0,,,217.0,0.835,0.799,76.0
Japan,Asia,2015,1.024,1.023,3551.0,0.99,0.987,6638.0,1.025,1.015,3670.0
Japan,Asia,2020,0.976,0.972,3278.0,0.976,0.973,6440.0,1.03,1.026,3508.0
Jordan,Asia,2005,0.9009999999999999,0.8859999999999999,449.0,0.9740000000000001,0.9640000000000001,805.0,0.763,0.718,176.0
Jordan,Asia,2010,0.862,0.8590000000000001,518.0,0.8109999999999999,0.8270000000000001,820.0,0.7190000000000001,0.631,192.0
Jordan,Asia,2014,0.725,0.7240000000000001,534.0,0.7909999999999999,0.799,980.0,0.657,0.585,215.0
Jordan,Asia,2021,0.765,0.767,684.0,0.795,0.805,1112.0,0.647,0.597,261.0
Kazakhstan,Asia,2005,0.971,0.9890000000000001,1477.0,1.025,1.026,1024.0,,,
Kazakhstan,Asia,2010,1.005,1.012,1255.0,1.091,1.085,958.0,0.9520000000000001,0.9209999999999999,563.0
Kazakhstan,Asia,2015,1.136,1.121,1209.0,1.117,1.115,1196.0,1.09,0.998,470.0
Kazakhstan,Asia,2020,1.013,1.01,1520.0,1.002,1.004,1513.0,1.124,1.126,504.0
Kenya,Africa,2005,0.85,0.867,1522.0,0.971,1.015,6076.0,0.256,0.28800000000000003,947.0
Kenya,Africa,2009,0.7979999999999999,0.862,1681.0,1.0270000000000001,1.051,7150.0,0.391,0.451,1523.0
Kenya,Africa,2015,0.9129999999999999,0.907,2168.0,1.036,1.037,8169.0,,,
Kenya,Africa,2016,0.93,0.922,2262.0,1.034,1.03,8290.0,,,
Kenya,Africa,2019,,,,0.762,0.784,6413.0,,,
Kiribati,Oceania,2005,1.16,1.068,7.0,1.128,1.111,16.0,0.759,0.603,5.0
Kiribati,Oceania,2008,1.0070000000000001,0.968,7.0,1.127,1.0759999999999998,16.0,0.8140000000000001,0.675,5.0
Kiribati,Oceania,2009,0.9209999999999999,0.929,7.0,1.1320000000000001,1.072,16.0,,,
Kiribati,Oceania,2010,,,,1.204,1.109,16.0,,,
Kiribati,Oceania,2015,1.147,0.987,7.0,1.0659999999999998,1.045,16.0,,,
Kiribati,Oceania,2020,1.022,0.966,8.0,1.111,1.051,18.0,,,
Kuwait,Asia,2005,1.095,1.011,138.0,1.069,1.03,203.0,1.218,1.105,107.0
Kuwait,Asia,2010,1.028,1.046,164.0,1.012,1.032,214.0,0.929,0.8640000000000001,100.0
Kuwait,Asia,2012,0.983,0.988,166.0,1.056,1.044,230.0,1.008,0.865,109.0
Kuwait,Asia,2015,,,,1.043,1.01,264.0,,,
Kuwait,Asia,2021,,,,0.89,0.7709999999999999,265.0,,,
Kyrgyzstan,Asia,2005,0.9009999999999999,0.905,539.0,0.98,0.996,434.0,0.7829999999999999,0.762,183.0
Kyrgyzstan,Asia,2010,0.935,0.943,516.0,0.991,0.998,391.0,0.737,0.728,177.0
Kyrgyzstan,Asia,2015,0.948,0.9520000000000001,472.0,1.05,1.058,451.0,0.8440000000000001,0.792,171.0
Kyrgyzstan,Asia,2021,1.034,1.035,591.0,0.9890000000000001,0.9940000000000001,577.0,0.924,0.9009999999999999,182.0
Latvia,Europe,2005,1.032,1.072,162.0,1.035,1.061,84.0,1.014,0.971,110.0
Latvia,Europe,2010,1.04,1.082,64.0,1.0190000000000001,1.0390000000000001,114.0,1.0070000000000001,1.0,83.0
Latvia,Europe,2015,1.015,1.044,55.0,0.9940000000000001,0.9940000000000001,117.0,1.214,1.229,62.0
Latvia,Europe,2020,1.0090000000000001,1.018,58.0,0.9990000000000001,0.998,120.0,1.1179999999999999,1.099,59.0
Lebanon,Asia,2005,,,218.0,,,476.0,,,160.0
Lebanon,Asia,2010,,,215.0,,,462.0,,,168.0
Lebanon,Asia,2015,,,205.0,,,491.0,,,177.0
Lebanon,Asia,2021,,,227.0,,,510.0,,,197.0
Lesotho,Africa,2005,0.539,0.414,70.0,1.263,1.278,422.0,0.268,0.231,25.0
Lesotho,Africa,2010,0.831,0.594,95.0,1.2209999999999999,1.274,389.0,0.395,0.292,31.0
Lesotho,Africa,2015,0.8,0.596,93.0,1.137,1.196,362.0,0.536,0.39899999999999997,40.0
Lesotho,Africa,2017,0.843,0.639,99.0,1.178,1.2409999999999999,368.0,0.511,0.35700000000000004,38.0
Lesotho,Africa,2019,,,,1.057,1.111,330.0,,,
Liberia,Africa,2000,0.31,0.48100000000000004,77.0,,,,,,
Liberia,Africa,2009,0.419,0.534,118.0,0.965,1.08,605.0,,,
Liberia,Africa,2015,0.397,0.502,142.0,0.902,1.003,684.0,0.253,0.345,85.0
Liberia,Africa,2020,0.46399999999999997,0.474,168.0,0.773,0.7759999999999999,608.0,0.315,0.32299999999999995,106.0
Libya,Africa,2005,0.996,0.986,368.0,1.015,1.0270000000000001,714.0,1.0190000000000001,0.7090000000000001,333.0
Libya,Africa,2006,1.03,1.036,378.0,1.0659999999999998,1.113,755.0,1.088,0.773,355.0
Liechtenstein,Europe,2005,0.98,0.971,2.0,1.025,1.115,2.0,1.0290000000000001,1.389,2.0
Liechtenstein,Europe,2010,1.03,1.031,2.0,1.023,1.0859999999999999,2.0,0.9620000000000001,1.376,2.0
Liechtenstein,Europe,2015,0.941,1.0190000000000001,2.0,1.048,1.065,2.0,1.109,1.675,2.0
Liechtenstein,Europe,2021,0.997,1.031,2.0,1.008,1.033,2.0,1.21,1.607,2.0
Lithuania,Europe,2005,1.05,1.077,318.0,1.024,1.032,158.0,1.0190000000000001,0.9690000000000001,106.0
Lithuania,Europe,2010,1.023,1.056,238.0,0.998,1.01,122.0,1.083,1.068,105.0
Lithuania,Europe,2015,1.02,1.06,183.0,1.0190000000000001,1.022,108.0,1.14,1.196,81.0
Lithuania,Europe,2020,1.055,1.075,165.0,1.028,1.0270000000000001,119.0,1.126,1.178,60.0
Luxembourg,Europe,2005,1.071,1.052,18.0,1.0090000000000001,1.0070000000000001,35.0,0.9059999999999999,0.831,18.0
Luxembourg,Europe,2010,1.166,1.147,21.0,0.981,0.971,35.0,0.9229999999999999,0.885,21.0
Luxembourg,Europe,2015,1.14,1.124,22.0,0.9890000000000001,0.99,36.0,0.973,0.92,25.0
Luxembourg,Europe,2020,1.177,1.2590000000000001,23.0,1.0490000000000002,1.064,40.0,0.996,0.945,27.0
Madagascar,Africa,2005,0.28,0.287,496.0,1.358,1.42,3598.0,0.10300000000000001,0.11599999999999999,126.0
Madagascar,Africa,2009,0.402,0.42100000000000004,830.0,1.476,1.51,4324.0,0.136,0.156,193.0
Madagascar,Africa,2010,,,,1.4240000000000002,1.45,4242.0,,,
Madagascar,Africa,2015,0.496,0.49,1163.0,1.473,1.473,4764.0,0.221,0.23800000000000002,374.0
Madagascar,Africa,2019,0.445,0.42100000000000004,1102.0,1.3519999999999999,1.329,4649.0,0.221,0.222,393.0
Malawi,Africa,2005,0.315,0.387,442.0,1.31,1.2990000000000002,2868.0,0.10300000000000001,0.153,74.0
Malawi,Africa,2010,0.40299999999999997,0.439,589.0,1.402,1.3730000000000002,3417.0,0.135,0.188,103.0
Malawi,Africa,2015,0.473,0.508,795.0,1.479,1.449,4205.0,0.20600000000000002,0.247,167.0
Malawi,Africa,2022,0.446,0.41600000000000004,893.0,1.3359999999999999,1.265,4288.0,0.20600000000000002,0.222,204.0
Malaysia,Asia,2005,0.9390000000000001,0.917,1423.0,1.0,1.0,3202.0,0.757,0.62,1066.0
Malaysia,Asia,2010,0.905,0.888,1517.0,1.002,0.993,3234.0,0.7,0.602,1099.0
Malaysia,Asia,2015,0.9059999999999999,0.868,1433.0,1.041,1.035,3108.0,0.8690000000000001,0.762,1369.0
Malaysia,Asia,2021,0.9309999999999999,0.92,1351.0,1.037,1.023,3088.0,0.8109999999999999,0.726,1184.0
Maldives,Asia,2005,1.236,1.05,29.0,1.161,1.18,58.0,,,
Maldives,Asia,2010,1.253,1.114,25.0,1.046,1.082,42.0,,,
Maldives,Asia,2015,1.14,1.109,18.0,1.0,1.03,42.0,,,
Maldives,Asia,2019,0.993,1.1740000000000002,17.0,0.993,0.9690000000000001,49.0,0.435,0.345,4.0
Maldives,Asia,2020,0.948,1.023,17.0,1.006,1.01,51.0,,,
Mali,Africa,2005,0.281,0.445,317.0,0.65,0.8270000000000001,1506.0,0.10400000000000001,0.179,113.0
Mali,Africa,2010,0.42200000000000004,0.5820000000000001,511.0,0.77,0.897,2019.0,0.205,0.33399999999999996,248.0
Mali,Africa,2015,0.48,0.5660000000000001,632.0,0.715,0.797,2227.0,0.24100000000000002,0.35,314.0
Mali,Africa,2020,0.46299999999999997,0.509,719.0,0.748,0.8240000000000001,2734.0,0.217,0.26899999999999996,314.0
Malta,Europe,2005,1.026,1.002,28.0,0.99,1.015,30.0,0.935,1.127,12.0
Malta,Europe,2010,1.032,1.0859999999999999,26.0,1.0190000000000001,1.016,25.0,0.866,1.1320000000000001,11.0
Malta,Europe,2015,1.022,1.031,13.0,1.043,1.028,25.0,0.95,0.851,17.0
Malta,Europe,2020,1.072,1.125,13.0,1.064,1.068,27.0,1.126,1.065,18.0
Marshall Islands,Oceania,2005,0.894,0.924,2.0,1.265,1.01,8.0,0.509,0.486,3.0
Marshall Islands,Oceania,2009,0.943,0.92,2.0,0.9740000000000001,0.988,8.0,0.7140000000000001,0.6679999999999999,3.0
Marshall Islands,Oceania,2015,0.73,0.6940000000000001,4.0,0.865,0.885,8.0,0.591,0.519,1.0
Marshall Islands,Oceania,2021,0.866,0.8390000000000001,3.0,0.7070000000000001,0.7490000000000001,6.0,0.5539999999999999,0.48200000000000004,3.0
Mauritania,Africa,2005,0.24100000000000002,0.272,55.0,0.9520000000000001,0.922,444.0,0.17300000000000001,0.201,38.0
Mauritania,Africa,2010,0.23399999999999999,0.265,78.0,1.02,0.975,531.0,0.128,0.165,32.0
Mauritania,Africa,2015,0.373,0.391,135.0,1.07,1.02,633.0,0.2,0.23,52.0
Mauritania,Africa,2020,0.442,0.414,172.0,0.976,0.9109999999999999,654.0,0.324,0.306,87.0
Mauritius,Africa,2005,0.99,0.9790000000000001,65.0,1.031,1.033,124.0,0.7809999999999999,0.828,64.0
Mauritius,Africa,2010,1.0070000000000001,0.986,58.0,1.031,1.025,117.0,0.848,0.7929999999999999,69.0
Mauritius,Africa,2015,1.094,1.1159999999999999,64.0,1.038,1.02,102.0,0.919,0.828,65.0
Mauritius,Africa,2021,1.131,1.153,55.0,0.996,0.973,83.0,0.848,0.76,59.0
Mauritius,Africa,2022,1.126,1.151,53.0,1.043,1.015,84.0,,,
Mexico,North America,2005,1.0979999999999999,1.036,7016.0,1.0759999999999998,1.0959999999999999,14700.0,0.574,0.56,3548.0
Mexico,North America,2010,1.183,1.089,7627.0,1.0979999999999999,1.114,14906.0,0.624,0.586,4055.0
Mexico,North America,2015,1.345,1.228,8660.0,1.065,1.067,14398.0,0.733,0.72,4813.0
Mexico,North America,2020,1.285,1.151,8165.0,1.042,1.032,13903.0,0.8540000000000001,0.789,5545.0
Micronesia,Oceania,2005,1.038,0.9420000000000001,6.0,1.0959999999999999,1.125,19.0,0.775,0.727,8.0
Micronesia,Oceania,2007,0.99,0.996,5.0,1.138,1.124,19.0,,,
Micronesia,Oceania,2015,0.877,0.855,4.0,0.958,0.983,14.0,,,
Micronesia,Oceania,2021,0.7959999999999999,0.7559999999999999,4.0,0.9,0.904,13.0,,,
Monaco,Europe,2004,,,2.0,,,,,,
Monaco,Europe,2010,,,2.0,,,2.0,,,1.0
Monaco,Europe,2015,,,2.0,,,2.0,,,1.0
Monaco,Europe,2022,1.328,1.256,2.0,1.195,1.166,2.0,1.367,1.439,2.0
Mongolia,Asia,2005,0.987,0.9279999999999999,235.0,0.98,0.98,251.0,0.8809999999999999,0.721,104.0
Mongolia,Asia,2010,0.941,0.903,179.0,1.2429999999999999,1.272,274.0,0.96,0.848,97.0
Mongolia,Asia,2015,,,,0.9940000000000001,1.013,251.0,0.922,0.871,123.0
Mongolia,Asia,2021,1.0290000000000001,1.032,225.0,1.012,1.035,357.0,1.064,1.0090000000000001,139.0
Montenegro,Europe,2005,1.034,1.03,36.0,1.137,1.1179999999999999,38.0,0.892,0.835,32.0
Montenegro,Europe,2010,1.136,1.13,38.0,1.1059999999999999,1.103,35.0,0.909,0.858,32.0
Montenegro,Europe,2015,0.99,0.97,31.0,0.955,0.953,38.0,0.883,0.872,29.0
Montenegro,Europe,2021,0.9570000000000001,0.956,30.0,1.025,1.02,38.0,0.8809999999999999,0.848,27.0
Montserrat,North America,2005,0.92,0.9440000000000001,0.0,1.506,1.6119999999999999,1.0,0.7859999999999999,0.653,0.0
Montserrat,North America,2009,1.568,1.5630000000000002,0.0,1.6340000000000001,1.54,0.0,0.862,0.871,0.0
Montserrat,North America,2010,,,,1.44,1.45,1.0,,,
Montserrat,North America,2014,1.903,1.5590000000000002,0.0,0.96,0.929,0.0,1.6,2.088,0.0
Montserrat,North America,2015,,,,1.014,1.021,0.0,,,
Montserrat,North America,2019,1.104,0.971,0.0,1.124,0.991,0.0,0.889,0.8959999999999999,0.0
Morocco,Africa,2005,0.589,0.6990000000000001,1265.0,1.0070000000000001,1.109,4023.0,0.33399999999999996,0.381,683.0
Morocco,Africa,2010,0.715,0.867,1467.0,1.063,1.13,3945.0,0.46799999999999997,0.49200000000000005,926.0
Morocco,Africa,2012,0.764,0.935,1525.0,1.08,1.133,4017.0,0.525,0.575,1029.0
Morocco,Africa,2015,0.86,1.001,1667.0,1.0659999999999998,1.123,4039.0,,,
Morocco,Africa,2021,0.945,1.033,1823.0,1.1179999999999999,1.149,4553.0,0.701,0.662,1225.0
Mozambique,Africa,2005,0.157,0.226,269.0,0.9129999999999999,1.095,3943.0,0.032,0.053,37.0
Mozambique,Africa,2010,0.303,0.369,556.0,1.0590000000000002,1.192,5278.0,0.098,0.133,116.0
Mozambique,Africa,2015,0.384,0.423,805.0,1.034,1.138,5902.0,0.213,0.235,268.0
Mozambique,Africa,2020,0.42200000000000004,0.466,1027.0,1.149,1.219,7220.0,0.303,0.305,440.0
Myanmar,Asia,2005,0.488,0.511,1938.0,0.982,0.981,4948.0,0.332,0.33399999999999996,651.0
Myanmar,Asia,2010,0.552,0.537,2179.0,0.976,0.986,5126.0,0.36700000000000005,0.332,674.0
Myanmar,Asia,2014,0.602,0.603,2503.0,1.003,1.033,5177.0,0.361,0.324,689.0
Myanmar,Asia,2018,0.775,0.737,3059.0,1.097,1.148,5300.0,0.5920000000000001,0.49700000000000005,1128.0
Namibia,Africa,2005,0.884,0.785,120.0,1.12,1.146,404.0,0.321,0.313,28.0
Namibia,Africa,2007,0.9,0.789,124.0,1.126,1.16,410.0,0.38299999999999995,0.34,34.0
Namibia,Africa,2010,0.93,0.8340000000000001,133.0,1.129,1.175,407.0,,,
Namibia,Africa,2015,1.067,0.987,153.0,1.202,1.254,447.0,,,
Namibia,Africa,2021,1.082,1.028,167.0,1.235,1.2790000000000001,536.0,,,
Nauru,Oceania,2002,0.6890000000000001,0.598,1.0,,,,,,
Nauru,Oceania,2005,,,,1.272,1.359,2.0,,,
Nauru,Oceania,2007,0.583,0.564,0.0,0.89,0.937,1.0,0.557,0.503,0.0
Nauru,Oceania,2008,,,,0.934,0.938,1.0,,,
Nauru,Oceania,2014,0.795,0.826,1.0,1.1159999999999999,1.213,2.0,0.905,0.9309999999999999,0.0
Nauru,Oceania,2015,,,,1.043,1.121,2.0,,,
Nauru,Oceania,2019,0.993,0.8740000000000001,1.0,1.21,1.224,2.0,0.9640000000000001,1.119,0.0
Nauru,Oceania,2020,0.907,0.883,1.0,0.971,0.9420000000000001,1.0,,,
Nepal,Asia,2005,0.6779999999999999,0.8009999999999999,1445.0,1.092,1.196,4030.0,0.228,0.299,609.0
Nepal,Asia,2010,0.757,0.753,1604.0,1.4369999999999998,1.4509999999999998,4901.0,0.415,0.439,1090.0
Nepal,Asia,2015,0.9840000000000001,0.898,1835.0,1.492,1.393,4335.0,0.496,0.48700000000000004,1341.0
Nepal,Asia,2022,1.02,1.063,1777.0,1.2229999999999999,1.324,3485.0,0.7290000000000001,0.7170000000000001,1736.0
Netherlands,Europe,2005,1.274,1.3330000000000002,783.0,1.055,1.079,1278.0,1.067,1.056,627.0
Netherlands,Europe,2010,1.2409999999999999,1.305,762.0,1.081,1.085,1294.0,1.1840000000000002,1.1540000000000001,713.0
Netherlands,Europe,2015,0.9940000000000001,1.0270000000000001,816.0,1.0270000000000001,1.0270000000000001,1208.0,1.36,1.2770000000000001,797.0
Netherlands,Europe,2020,0.9620000000000001,1.005,772.0,1.062,1.064,1162.0,1.415,1.319,840.0
New Zealand,Oceania,2005,1.023,1.037,260.0,0.993,1.001,353.0,1.5230000000000001,1.355,266.0
New Zealand,Oceania,2010,1.036,1.05,249.0,1.013,1.01,348.0,1.446,1.307,263.0
New Zealand,Oceania,2015,1.02,1.024,242.0,0.982,0.977,368.0,1.386,1.229,245.0
New Zealand,Oceania,2020,1.051,1.054,271.0,1.024,1.022,387.0,1.49,1.348,257.0
Nicaragua,North America,2005,0.8079999999999999,0.736,301.0,1.186,1.203,945.0,0.621,0.469,137.0
Nicaragua,North America,2010,0.871,0.815,320.0,1.2009999999999998,1.2109999999999999,924.0,0.644,0.506,146.0
Nicaragua,North America,2015,,,,1.105,1.1059999999999999,854.0,,,
Nicaragua,North America,2020,,,,1.1179999999999999,1.125,881.0,,,
Niger,Africa,2005,0.10400000000000001,0.159,152.0,0.402,0.562,1064.0,0.028999999999999998,0.053,30.0
Niger,Africa,2010,0.155,0.215,267.0,0.5589999999999999,0.6920000000000001,1726.0,0.031,0.055,39.0
Niger,Africa,2015,0.222,0.308,482.0,0.6559999999999999,0.774,2445.0,0.087,0.11,114.0
Niger,Africa,2017,0.281,0.366,642.0,0.6920000000000001,0.8009999999999999,2768.0,0.091,0.136,144.0
Niger,Africa,2021,,,,0.618,0.677,2806.0,,,
Nigeria,Africa,2005,0.35100000000000003,0.41200000000000003,3624.0,0.9259999999999999,1.0979999999999999,22115.0,0.28,0.348,2773.0
Nigeria,Africa,2010,0.43700000000000006,0.496,5010.0,0.81,0.8909999999999999,21558.0,0.384,0.445,4047.0
Nigeria,Africa,2015,0.474,0.51,6180.0,0.836,0.892,25443.0,0.41600000000000004,0.46299999999999997,4936.0
Nigeria,Africa,2018,0.489,0.504,6842.0,0.865,0.884,27889.0,0.35200000000000004,0.381,4532.0
Nigeria,Africa,2019,,,,0.862,0.853,28078.0,,,
Niue,Oceania,2004,0.652,0.853,0.0,,,,,,
Niue,Oceania,2005,,,,1.0,1.035,0.0,,,
Niue,Oceania,2015,1.304,0.902,0.0,1.278,1.2770000000000001,0.0,0.8,0.8859999999999999,0.0
Niue,Oceania,2021,1.531,1.3769999999999998,0.0,1.3159999999999998,1.341,0.0,1.2309999999999999,1.2429999999999999,0.0
North Macedonia,Europe,2005,0.9109999999999999,0.917,118.0,0.925,0.945,110.0,0.696,0.741,96.0
North Macedonia,Europe,2010,0.882,0.904,101.0,0.867,0.88,111.0,0.746,0.7709999999999999,96.0
North Macedonia,Europe,2015,0.845,0.8590000000000001,85.0,0.94,0.937,109.0,0.7809999999999999,0.795,84.0
North Macedonia,Europe,2020,0.878,0.88,80.0,0.955,0.955,108.0,0.71,0.728,70.0
Norway,Europe,2005,1.0270000000000001,1.021,186.0,0.987,0.9840000000000001,430.0,1.265,1.25,217.0
Norway,Europe,2010,0.992,0.993,192.0,0.992,0.9890000000000001,424.0,1.2409999999999999,1.278,243.0
Norway,Europe,2015,1.0390000000000001,1.02,195.0,0.998,1.0,431.0,1.2209999999999999,1.294,249.0
Norway,Europe,2020,1.063,1.047,201.0,1.001,0.998,446.0,1.255,1.3880000000000001,255.0
Oman,Asia,2005,0.92,1.001,168.0,0.9209999999999999,0.932,312.0,0.7979999999999999,0.782,134.0
Oman,Asia,2009,1.0170000000000001,1.128,166.0,1.008,1.054,302.0,0.9279999999999999,0.9309999999999999,156.0
Oman,Asia,2015,1.065,1.099,149.0,1.107,1.06,351.0,0.983,0.986,138.0
Oman,Asia,2021,1.031,1.013,371.0,1.0390000000000001,1.042,310.0,1.005,1.538,102.0
Pakistan,Asia,2005,0.32,0.436,4550.0,0.703,0.915,17258.0,,,2302.0
Pakistan,Asia,2010,0.37799999999999995,0.478,5501.0,0.7759999999999999,0.91,18756.0,0.218,0.29,4154.0
Pakistan,Asia,2015,0.446,0.539,6582.0,0.7829999999999999,0.914,19847.0,0.27399999999999997,0.36200000000000004,5496.0
Pakistan,Asia,2019,0.512,0.584,7634.0,0.892,1.013,23588.0,0.34,0.397,6555.0
Palau,Oceania,2004,0.9490000000000001,1.033,1.0,,,,,,
Palau,Oceania,2005,,,1.0,,,2.0,0.9179999999999999,0.764,1.0
Palau,Oceania,2007,,,1.0,,,2.0,0.894,0.86,1.0
Palau,Oceania,2014,1.093,1.064,0.0,1.052,1.196,2.0,1.298,1.129,1.0
Palau,Oceania,2021,1.216,0.968,1.0,1.0270000000000001,1.06,2.0,0.9740000000000001,0.975,1.0
Panama,North America,2005,0.828,0.809,155.0,1.053,1.091,430.0,0.5770000000000001,0.503,101.0
Panama,North America,2010,0.9,0.893,182.0,1.031,1.07,440.0,0.563,0.483,102.0
Panama,North America,2015,0.932,0.922,195.0,0.9490000000000001,0.972,418.0,0.625,0.5529999999999999,122.0
Panama,North America,2021,0.9420000000000001,0.9420000000000001,209.0,1.004,1.0190000000000001,466.0,0.7340000000000001,0.667,152.0
Papua New Guinea,Oceania,2005,,,,0.509,0.601,532.0,,,
Papua New Guinea,Oceania,2008,,,,0.5429999999999999,0.614,601.0,,,
Papua New Guinea,Oceania,2012,0.62,0.78,243.0,0.9570000000000001,1.077,1132.0,0.172,0.254,136.0
Papua New Guinea,Oceania,2018,0.54,0.6579999999999999,449.0,1.1179999999999999,1.199,1394.0,0.156,0.231,69.0
Paraguay,South America,2005,0.797,0.7829999999999999,321.0,1.097,1.121,934.0,0.545,0.512,208.0
Paraguay,South America,2010,0.805,0.77,331.0,1.0090000000000001,1.043,839.0,0.5870000000000001,0.539,230.0
Paraguay,South America,2012,0.855,0.816,348.0,1.03,1.057,838.0,0.718,0.649,283.0
Paraguay,South America,2015,,,,0.883,0.9109999999999999,727.0,0.639,0.581,253.0
Paraguay,South America,2021,,,305.0,,,701.0,0.843,0.706,306.0
Peru,South America,2005,0.894,0.902,1640.0,1.139,1.136,4077.0,0.695,0.7120000000000001,829.0
Peru,South America,2010,1.022,1.033,1779.0,1.1,1.0979999999999999,3763.0,0.802,0.735,896.0
Peru,South America,2015,1.014,1.024,1686.0,1.003,1.002,3513.0,0.914,0.909,996.0
Peru,South America,2021,1.0759999999999998,1.133,1807.0,1.2009999999999998,1.238,3835.0,1.078,1.138,1132.0
Philippines,Asia,2005,0.888,0.813,4917.0,1.054,1.065,13084.0,0.8420000000000001,0.691,1435.0
Philippines,Asia,2009,0.893,0.8490000000000001,5287.0,1.071,1.083,13687.0,0.818,0.6859999999999999,1480.0
Philippines,Asia,2010,,,,,,,0.782,0.6809999999999999,1462.0
Philippines,Asia,2015,0.943,0.878,5696.0,1.105,1.139,14453.0,0.831,0.743,1624.0
Philippines,Asia,2021,0.991,0.9490000000000001,8332.0,0.9129999999999999,0.935,12529.0,0.841,0.706,3235.0
Poland,Europe,2005,0.985,1.006,1652.0,0.943,0.948,2724.0,1.0,0.992,1793.0
Poland,Europe,2010,0.9440000000000001,0.9640000000000001,1332.0,0.961,0.9690000000000001,2235.0,0.968,0.961,1510.0
Poland,Europe,2014,0.9740000000000001,1.014,1150.0,1.003,1.0,2153.0,1.112,1.155,1492.0
Poland,Europe,2015,0.9840000000000001,1.02,1117.0,,,,1.121,1.166,1432.0
Poland,Europe,2020,1.1340000000000001,1.137,1744.0,0.825,0.856,1334.0,1.156,1.186,1615.0
Portugal,Europe,2005,1.111,1.081,363.0,1.151,1.209,753.0,0.948,0.795,306.0
Portugal,Europe,2010,1.114,1.141,379.0,1.099,1.1320000000000001,734.0,1.052,0.966,341.0
Portugal,Europe,2015,1.161,1.2109999999999999,385.0,1.0490000000000002,1.09,657.0,1.177,1.2009999999999998,394.0
Portugal,Europe,2020,1.131,1.163,349.0,1.071,1.084,602.0,1.2670000000000001,1.225,393.0
Puerto Rico,North America,2010,0.9590000000000001,0.9229999999999999,156.0,0.993,0.9570000000000001,300.0,0.8109999999999999,0.75,135.0
Puerto Rico,North America,2013,0.961,0.909,143.0,0.9159999999999999,0.902,264.0,0.838,0.762,126.0
Puerto Rico,North America,2015,,,145.0,,,251.0,,,134.0
Puerto Rico,North America,2018,,,110.0,,,209.0,,,109.0
Qatar,Asia,2005,0.9490000000000001,1.057,29.0,1.037,1.0859999999999999,70.0,0.973,1.0190000000000001,26.0
Qatar,Asia,2010,1.044,1.163,37.0,1.044,1.0090000000000001,89.0,1.0090000000000001,1.003,32.0
Qatar,Asia,2015,1.025,0.998,52.0,1.03,1.022,130.0,,,44.0
Qatar,Asia,2021,0.958,0.976,68.0,1.034,1.01,163.0,,,61.0
South Korea,Asia,2005,0.981,0.9640000000000001,2021.0,1.0070000000000001,1.015,4032.0,0.983,0.9570000000000001,1775.0
South Korea,Asia,2010,1.002,1.006,1986.0,1.018,1.0170000000000001,3306.0,0.922,0.93,1974.0
South Korea,Asia,2015,1.033,1.042,1598.0,0.987,0.9890000000000001,2722.0,0.966,0.971,1799.0
South Korea,Asia,2020,0.97,0.971,1327.0,0.991,0.993,2703.0,0.946,0.956,1347.0
Republic of Moldova,Europe,2005,,,280.0,,,184.0,,,114.0
Republic of Moldova,Europe,2010,,,208.0,,,141.0,,,100.0
Republic of Moldova,Europe,2015,1.0590000000000002,1.058,162.0,1.051,1.062,139.0,1.057,1.012,71.0
Republic of Moldova,Europe,2021,1.046,1.058,160.0,1.072,1.084,137.0,0.826,0.823,67.0
Romania,Europe,2005,0.922,0.934,1026.0,1.09,1.105,970.0,0.764,0.726,1063.0
Romania,Europe,2010,0.9740000000000001,0.985,869.0,0.991,1.008,842.0,0.971,0.977,953.0
Romania,Europe,2015,0.95,0.97,785.0,0.885,0.898,947.0,0.91,0.8909999999999999,778.0
Romania,Europe,2020,0.8290000000000001,0.8440000000000001,719.0,0.8740000000000001,0.882,904.0,0.9209999999999999,0.8959999999999999,719.0
Russian Federation,Europe,2005,0.782,0.7759999999999999,7730.0,0.953,0.951,5309.0,0.9079999999999999,0.946,4703.0
Russian Federation,Europe,2009,0.871,0.852,6404.0,0.996,0.991,5015.0,0.7829999999999999,0.8590000000000001,3210.0
Russian Federation,Europe,2015,0.997,0.987,6549.0,0.995,0.987,5983.0,1.042,1.153,2836.0
Russian Federation,Europe,2019,1.006,1.014,7553.0,1.037,1.047,7123.0,1.065,1.149,2990.0
Rwanda,Africa,2005,0.204,0.22899999999999998,142.0,1.3459999999999999,1.3259999999999998,1858.0,0.11199999999999999,0.122,76.0
Rwanda,Africa,2010,0.441,0.418,299.0,1.501,1.464,2299.0,0.184,0.20600000000000002,127.0
Rwanda,Africa,2015,0.462,0.40399999999999997,336.0,1.406,1.3869999999999998,2451.0,0.321,0.319,231.0
Rwanda,Africa,2021,0.633,0.541,522.0,1.403,1.411,2729.0,0.337,0.307,261.0
Saint Kitts and Nevis,North America,2005,0.98,0.9990000000000001,2.0,1.092,1.101,6.0,1.0270000000000001,0.759,1.0
Saint Kitts and Nevis,North America,2010,1.084,1.171,3.0,1.1059999999999999,1.165,6.0,1.0,0.9279999999999999,2.0
Saint Kitts and Nevis,North America,2015,1.129,1.14,3.0,1.079,1.087,5.0,0.9990000000000001,1.001,2.0
Saint Kitts and Nevis,North America,2021,1.126,1.121,2.0,1.079,1.138,5.0,1.022,1.055,2.0
Saint Lucia,North America,2005,0.8909999999999999,0.7659999999999999,9.0,1.006,1.052,24.0,0.768,0.639,5.0
Saint Lucia,North America,2007,0.992,0.955,10.0,0.98,1.032,22.0,0.828,0.648,5.0
Saint Lucia,North America,2010,0.93,0.98,10.0,,,19.0,0.9359999999999999,0.8909999999999999,6.0
Saint Lucia,North America,2015,0.917,0.943,8.0,0.995,1.028,17.0,0.833,0.815,5.0
Saint Lucia,North America,2020,0.9420000000000001,0.934,7.0,1.024,0.9990000000000001,15.0,0.867,0.92,5.0
Saint Vincent & Grenadines,North America,2005,1.126,0.963,7.0,1.121,1.24,18.0,0.794,0.541,3.0
Saint Vincent & Grenadines,North America,2010,1.161,1.213,8.0,1.062,1.119,14.0,1.025,0.816,4.0
Saint Vincent & Grenadines,North America,2015,1.173,1.252,7.0,1.097,1.107,13.0,0.94,0.809,3.0
Saint Vincent & Grenadines,North America,2018,1.127,1.2009999999999998,6.0,1.127,1.141,13.0,1.028,0.853,4.0
Saint Vincent & Grenadines,North America,2020,,,,1.1159999999999999,1.14,13.0,,,
Samoa,Oceania,2005,1.018,0.977,9.0,1.0979999999999999,1.09,31.0,0.818,0.693,15.0
Samoa,Oceania,2010,1.083,1.104,10.0,1.099,1.115,31.0,0.873,0.703,16.0
Samoa,Oceania,2015,1.099,1.14,9.0,1.064,1.064,32.0,0.945,0.79,17.0
Samoa,Oceania,2016,1.107,1.097,9.0,1.079,1.0659999999999998,33.0,0.9229999999999999,0.7959999999999999,17.0
Samoa,Oceania,2021,1.111,1.079,10.0,1.2229999999999999,1.218,35.0,,,
San Marino,Europe,2004,,,1.0,,,,,,
San Marino,Europe,2010,,,1.0,,,2.0,,,1.0
San Marino,Europe,2012,,,1.0,,,2.0,,,1.0
San Marino,Europe,2021,0.96,0.887,1.0,0.9690000000000001,0.978,2.0,0.336,0.45399999999999996,1.0
Sao Tome and Principe,Africa,2005,0.713,0.636,5.0,1.2309999999999999,1.281,30.0,0.257,0.267,3.0
Sao Tome and Principe,Africa,2010,0.735,0.688,9.0,1.162,1.17,34.0,0.17800000000000002,0.226,1.0
Sao Tome and Principe,Africa,2015,1.062,0.968,15.0,1.032,1.073,36.0,0.643,0.564,7.0
Sao Tome and Principe,Africa,2017,1.111,1.001,16.0,1.05,1.085,37.0,0.782,0.63,9.0
Saudi Arabia,Asia,2005,0.87,0.9,1382.0,0.95,0.9640000000000001,3098.0,0.823,0.902,1228.0
Saudi Arabia,Asia,2009,0.948,1.08,1609.0,1.033,1.06,3255.0,0.831,0.9279999999999999,1388.0
Saudi Arabia,Asia,2010,,,,1.062,1.071,3321.0,,,
Saudi Arabia,Asia,2015,1.135,1.1320000000000001,1637.0,1.121,1.087,3494.0,1.165,1.227,1683.0
Saudi Arabia,Asia,2021,1.0590000000000002,1.067,1627.0,1.028,1.013,3551.0,1.123,1.208,1578.0
Senegal,Africa,2005,0.254,0.327,312.0,0.785,0.8140000000000001,1444.0,0.102,0.153,94.0
Senegal,Africa,2008,0.36,0.433,451.0,0.852,0.83,1618.0,0.134,0.19899999999999998,131.0
Senegal,Africa,2010,,,,0.8640000000000001,0.8170000000000001,1695.0,,,
Senegal,Africa,2014,0.623,0.5920000000000001,786.0,0.905,0.8079999999999999,1927.0,0.324,0.373,308.0
Senegal,Africa,2015,,,806.0,0.898,0.802,1977.0,,,330.0
Senegal,Africa,2021,0.595,0.485,860.0,0.875,0.752,2270.0,0.38799999999999996,0.33899999999999997,383.0
Serbia,Europe,2005,0.9790000000000001,0.987,335.0,1.03,1.025,325.0,0.8270000000000001,0.769,298.0
Serbia,Europe,2010,0.983,0.987,304.0,0.956,0.961,283.0,0.8690000000000001,0.831,287.0
Serbia,Europe,2015,1.0170000000000001,1.024,290.0,1.012,1.015,279.0,0.9309999999999999,0.897,263.0
Serbia,Europe,2021,0.97,0.97,260.0,0.97,0.9670000000000001,255.0,0.8959999999999999,0.865,251.0
Seychelles,Africa,2005,1.115,1.104,5.0,1.081,1.101,9.0,0.644,0.5579999999999999,4.0
Seychelles,Africa,2010,1.073,1.097,4.0,1.121,1.088,9.0,0.56,0.475,3.0
Seychelles,Africa,2015,1.127,1.097,4.0,1.06,1.028,9.0,0.633,0.5589999999999999,3.0
Seychelles,Africa,2021,1.06,0.97,5.0,1.0090000000000001,0.978,9.0,0.611,0.562,3.0
Sierra Leone,Africa,2001,0.2,0.303,84.0,,,,,,
Sierra Leone,Africa,2015,0.537,0.574,289.0,1.169,1.153,1360.0,0.223,0.285,160.0
Sierra Leone,Africa,2017,0.588,0.586,313.0,1.256,1.2329999999999999,1487.0,0.264,0.292,179.0
Sierra Leone,Africa,2021,0.935,0.902,537.0,1.594,1.535,1964.0,,,
Singapore,Asia,2009,,,110.0,,,295.0,,,122.0
Singapore,Asia,2010,,,,,,264.0,,,
Singapore,Asia,2015,,,,,,239.0,,,
Singapore,Asia,2020,0.998,1.001,81.0,1.005,1.006,233.0,1.057,1.073,84.0
Slovakia,Europe,2005,0.9540000000000001,0.963,360.0,0.976,0.988,242.0,0.919,0.889,303.0
Slovakia,Europe,2010,0.9259999999999999,0.94,280.0,1.01,1.0190000000000001,212.0,0.93,0.895,269.0
Slovakia,Europe,2015,0.9570000000000001,0.968,254.0,0.981,0.9890000000000001,216.0,0.868,0.835,200.0
Slovakia,Europe,2020,0.937,0.948,263.0,1.0190000000000001,1.023,233.0,0.877,0.838,180.0
Slovenia,Europe,2005,0.946,0.956,81.0,1.0,1.01,93.0,0.9890000000000001,0.9890000000000001,100.0
Slovenia,Europe,2010,0.968,0.968,55.0,0.995,0.995,107.0,0.998,1.01,83.0
Slovenia,Europe,2015,1.016,1.012,55.0,1.003,0.996,116.0,1.177,1.157,89.0
Slovenia,Europe,2020,0.99,0.9890000000000001,59.0,1.032,1.034,134.0,1.242,1.212,89.0
Solomon Islands,Oceania,2005,0.43200000000000005,0.491,16.0,0.978,1.032,75.0,0.141,0.19699999999999998,7.0
Solomon Islands,Oceania,2010,0.67,0.7,26.0,1.1320000000000001,1.16,95.0,0.264,0.366,14.0
Solomon Islands,Oceania,2012,0.716,0.72,28.0,1.1159999999999999,1.139,98.0,0.265,0.307,13.0
Solomon Islands,Oceania,2015,0.78,0.764,32.0,1.13,1.1420000000000001,104.0,,,
Solomon Islands,Oceania,2019,0.764,0.7290000000000001,33.0,1.0390000000000001,1.047,107.0,,,
Somalia,Africa,2007,0.047,0.102,40.0,0.166,0.301,457.0,0.032,0.069,47.0
Somalia,Africa,2021,,,,,,250.0,,,
South Africa,Africa,2005,0.963,0.925,1983.0,1.041,1.078,7314.0,0.868,0.79,2674.0
South Africa,Africa,2010,1.032,1.0190000000000001,2011.0,1.0270000000000001,1.068,7024.0,0.9229999999999999,0.8390000000000001,2679.0
South Africa,Africa,2015,1.065,1.054,2032.0,1.0190000000000001,1.092,7556.0,1.102,1.1320000000000001,3248.0
South Africa,Africa,2020,1.043,1.037,2153.0,0.9540000000000001,0.9940000000000001,7716.0,1.081,0.9359999999999999,2948.0
South Sudan,Africa,2015,0.154,0.26,108.0,0.604,0.853,1274.0,0.036000000000000004,0.08,56.0
South Sudan,Africa,2018,,,,,,,0.065,0.11599999999999999,88.0
Spain,Europe,2005,1.153,1.146,1983.0,1.023,1.037,2485.0,1.321,1.121,1125.0
Spain,Europe,2010,1.137,1.147,2011.0,1.036,1.044,2721.0,1.3430000000000002,1.2309999999999999,1174.0
Spain,Europe,2015,1.2109999999999999,1.26,1625.0,1.072,1.056,3010.0,1.28,1.247,1688.0
Spain,Europe,2020,1.1640000000000001,1.1740000000000002,1702.0,1.0390000000000001,1.0290000000000001,3007.0,1.379,1.2930000000000001,1770.0
Sri Lanka,Asia,2005,1.032,1.021,1340.0,0.993,0.998,1611.0,,,
Sri Lanka,Asia,2010,0.968,1.008,1285.0,0.982,1.0070000000000001,1721.0,0.982,0.917,1239.0
Sri Lanka,Asia,2013,0.997,1.004,1345.0,0.9940000000000001,1.0190000000000001,1767.0,1.0390000000000001,0.94,1260.0
Sri Lanka,Asia,2015,0.977,0.99,1348.0,1.006,1.0270000000000001,1778.0,,,
Sri Lanka,Asia,2018,1.0,1.0070000000000001,1388.0,0.996,1.0070000000000001,1725.0,1.053,0.9520000000000001,1340.0
Sri Lanka,Asia,2020,1.0170000000000001,1.015,1401.0,1.003,1.003,1695.0,,,
State of Palestine,Africa,2005,0.961,0.93,544.0,0.88,0.885,387.0,0.759,0.6779999999999999,113.0
State of Palestine,Africa,2010,0.9009999999999999,0.863,559.0,0.904,0.922,403.0,0.8590000000000001,0.7020000000000001,152.0
State of Palestine,Africa,2015,0.94,0.894,581.0,0.975,0.975,450.0,0.774,0.59,140.0
State of Palestine,Africa,2021,0.988,0.961,577.0,0.937,0.9420000000000001,501.0,0.92,0.735,260.0
Sudan,Africa,2005,0.466,0.528,729.0,0.591,0.674,3177.0,0.306,0.309,616.0
Sudan,Africa,2010,0.505,0.615,933.0,0.6779999999999999,0.7559999999999999,4024.0,0.315,0.34,754.0
Sudan,Africa,2015,0.523,0.569,1027.0,0.698,0.764,4518.0,0.40299999999999997,0.382,1033.0
Sudan,Africa,2018,0.544,0.564,1108.0,0.7609999999999999,0.8170000000000001,5118.0,0.406,0.376,1108.0
Sudan,Africa,2005,,,761.0,,,3278.0,,,609.0
Sudan,Africa,2009,,,1056.0,,,4744.0,,,781.0
Suriname,South America,2005,0.903,0.753,32.0,1.042,1.058,66.0,0.622,0.355,13.0
Suriname,South America,2010,0.902,0.805,35.0,1.138,1.1420000000000001,71.0,0.677,0.37799999999999995,15.0
Suriname,South America,2015,1.047,0.892,39.0,1.1640000000000001,1.1520000000000001,72.0,0.669,0.368,15.0
Suriname,South America,2021,0.9620000000000001,0.8390000000000001,37.0,1.002,1.012,63.0,0.531,0.371,14.0
Sweden,Europe,2005,1.0590000000000002,1.065,387.0,0.9570000000000001,0.9590000000000001,658.0,1.016,1.02,349.0
Sweden,Europe,2010,0.9590000000000001,0.9640000000000001,337.0,1.012,1.0170000000000001,576.0,0.991,1.005,394.0
Sweden,Europe,2015,1.186,1.124,334.0,1.255,1.205,792.0,1.791,1.492,510.0
Sweden,Europe,2020,1.214,1.172,398.0,1.29,1.225,892.0,1.8359999999999999,1.6369999999999998,549.0
Switzerland,Europe,2005,1.158,1.1340000000000001,297.0,1.021,1.025,524.0,0.7490000000000001,0.868,278.0
Switzerland,Europe,2010,1.115,1.0859999999999999,290.0,1.026,1.031,493.0,0.826,0.895,316.0
Switzerland,Europe,2015,1.06,1.067,262.0,1.04,1.043,490.0,0.953,1.008,353.0
Switzerland,Europe,2020,1.051,1.057,259.0,1.058,1.065,528.0,0.9590000000000001,1.05,347.0
Syrian Arab Republic,Asia,2005,0.884,0.9309999999999999,1955.0,1.186,1.2209999999999999,2252.0,0.34,0.342,434.0
Syrian Arab Republic,Asia,2010,0.9059999999999999,0.92,2232.0,1.147,1.188,2429.0,0.38799999999999996,0.358,499.0
Syrian Arab Republic,Asia,2013,0.63,0.653,1446.0,0.802,0.831,1547.0,0.337,0.305,411.0
Syrian Arab Republic,Asia,2022,0.851,0.785,866.0,1.0190000000000001,1.032,2170.0,0.508,0.429,455.0
Tajikistan,Asia,2005,0.857,0.9570000000000001,802.0,0.983,1.0190000000000001,693.0,0.405,0.6579999999999999,182.0
Tajikistan,Asia,2010,0.9129999999999999,0.98,826.0,1.002,1.0270000000000001,682.0,0.478,0.71,206.0
Tajikistan,Asia,2013,0.941,0.991,827.0,0.9990000000000001,1.016,665.0,0.585,0.777,236.0
Tajikistan,Asia,2015,0.976,1.013,822.0,0.971,0.981,683.0,,,
Tajikistan,Asia,2017,0.973,1.0,810.0,1.003,1.014,771.0,,,
Thailand,Asia,2005,0.9,0.892,2753.0,1.005,1.033,5975.0,0.609,0.546,1780.0
Thailand,Asia,2010,0.977,0.973,2798.0,0.963,0.9740000000000001,5147.0,0.735,0.624,2009.0
Thailand,Asia,2015,1.161,1.2570000000000001,3290.0,0.976,1.035,5081.0,1.202,1.203,3467.0
Thailand,Asia,2022,1.111,0.9940000000000001,2596.0,1.013,1.021,4725.0,0.96,0.953,2439.0
Timor-Leste,Asia,2003,,,38.0,,,,,,
Timor-Leste,Asia,2005,,,,1.002,1.101,178.0,,,
Timor-Leste,Asia,2010,0.731,0.723,61.0,1.192,1.261,230.0,0.506,0.525,41.0
Timor-Leste,Asia,2015,0.85,0.8059999999999999,78.0,1.266,1.298,244.0,0.625,0.5920000000000001,51.0
Timor-Leste,Asia,2020,0.992,0.9209999999999999,89.0,1.0959999999999999,1.1179999999999999,203.0,0.831,0.73,73.0
Togo,Africa,2005,0.446,0.784,316.0,1.053,1.24,997.0,0.141,0.348,89.0
Togo,Africa,2007,0.415,0.723,300.0,1.031,1.1909999999999998,1022.0,0.172,0.41100000000000003,109.0
Togo,Africa,2010,,,,1.208,1.339,1287.0,,,
Togo,Africa,2011,,,400.0,1.188,1.306,1300.0,,,146.0
Togo,Africa,2015,,,,1.249,1.3119999999999998,1498.0,,,
Togo,Africa,2021,0.728,0.866,630.0,1.22,1.264,1629.0,0.353,0.47600000000000003,222.0
Tokelau,Oceania,2003,1.27,1.2,0.0,,,,,,
Tokelau,Oceania,2021,1.7619999999999998,2.4419999999999997,0.0,1.5,1.4240000000000002,0.0,1.1520000000000001,0.5429999999999999,0.0
Tonga,Oceania,2001,1.166,1.084,10.0,,,,,,
Tonga,Oceania,2005,,,,1.101,1.1340000000000001,17.0,,,
Tonga,Oceania,2006,1.03,1.065,10.0,1.092,1.133,17.0,0.934,0.848,4.0
Tonga,Oceania,2010,,,,1.073,1.094,17.0,,,
Tonga,Oceania,2015,1.1159999999999999,1.121,13.0,1.16,1.167,17.0,0.769,0.645,3.0
Tonga,Oceania,2020,1.065,0.909,12.0,1.121,1.1740000000000002,17.0,0.6759999999999999,0.557,3.0
Trinidad and Tobago,North America,2005,0.846,0.826,57.0,0.978,1.0070000000000001,130.0,,,
Trinidad and Tobago,North America,2009,0.975,0.977,55.0,1.045,1.0859999999999999,131.0,,,
Trinidad and Tobago,North America,2010,,,,1.044,1.08,131.0,,,
Trinidad and Tobago,North America,2021,,,53.0,,,130.0,0.9470000000000001,0.848,33.0
Tunisia,Africa,2005,1.082,1.072,650.0,1.1079999999999999,1.124,1184.0,0.7559999999999999,0.617,589.0
Tunisia,Africa,2010,1.0959999999999999,1.135,583.0,1.07,1.074,1030.0,0.8420000000000001,0.6759999999999999,580.0
Tunisia,Africa,2011,1.105,1.173,579.0,1.077,1.079,1028.0,0.8490000000000001,0.691,573.0
Tunisia,Africa,2015,1.035,1.0190000000000001,488.0,1.146,1.145,1115.0,,,520.0
Tunisia,Africa,2016,1.125,1.119,530.0,1.151,1.148,1139.0,0.898,0.6890000000000001,517.0
Tunisia,Africa,2021,1.166,1.12,564.0,1.112,1.1320000000000001,1304.0,,,
Turkmenistan,Asia,2020,0.9640000000000001,0.981,590.0,1.159,1.18,589.0,0.8,0.8140000000000001,157.0
Turkmenistan,Asia,2021,,,,1.141,1.16,609.0,,,
Turks and Caicos Islands,North America,2005,0.81,0.856,1.0,0.8420000000000001,0.777,2.0,,,
Turks and Caicos Islands,North America,2009,1.224,1.064,2.0,,,3.0,0.537,0.546,0.0
Turks and Caicos Islands,North America,2015,0.6970000000000001,0.6990000000000001,1.0,0.743,0.747,3.0,0.871,0.674,1.0
Turks and Caicos Islands,North America,2021,0.9129999999999999,0.9940000000000001,2.0,1.138,1.087,3.0,0.7809999999999999,0.684,1.0
Tuvalu,Oceania,2002,0.703,0.835,1.0,,,,,,
Tuvalu,Oceania,2005,,,,1.099,1.131,1.0,,,
Tuvalu,Oceania,2006,,,,1.084,1.126,1.0,,,
Tuvalu,Oceania,2014,0.948,0.9329999999999999,1.0,0.941,0.98,1.0,0.716,0.42100000000000004,0.0
Tuvalu,Oceania,2015,,,,0.978,1.0170000000000001,1.0,,,
Tuvalu,Oceania,2021,0.826,0.853,1.0,0.898,0.9329999999999999,1.0,0.667,0.517,0.0
Türkiye,Asia,2005,0.895,1.025,3620.0,1.005,1.058,6678.0,0.628,0.807,2725.0
Türkiye,Asia,2010,0.973,1.014,3892.0,1.006,1.02,6635.0,0.675,0.774,3639.0
Türkiye,Asia,2015,1.0,0.985,5278.0,1.0270000000000001,1.034,5434.0,1.0290000000000001,1.0979999999999999,5691.0
Türkiye,Asia,2020,1.065,1.044,5702.0,0.958,0.972,5280.0,0.9940000000000001,1.071,5631.0
Uganda,Africa,2004,0.20800000000000002,0.257,609.0,,,,,,
Uganda,Africa,2005,,,,1.22,1.239,7224.0,,,
Uganda,Africa,2008,,,,1.2329999999999999,1.237,7964.0,0.12,0.165,189.0
Uganda,Africa,2010,,,,1.224,1.215,8375.0,,,
Uganda,Africa,2015,,,,1.037,1.016,8264.0,,,
Uganda,Africa,2017,0.298,0.313,1254.0,1.041,1.013,8841.0,0.077,0.122,181.0
Ukraine,Europe,2005,0.895,0.983,2698.0,1.062,1.0659999999999998,1946.0,0.9670000000000001,1.01,1345.0
Ukraine,Europe,2010,1.0290000000000001,1.03,2289.0,0.991,0.985,1540.0,0.764,0.836,844.0
Ukraine,Europe,2014,0.977,0.971,1909.0,1.001,0.98,1685.0,0.89,0.966,804.0
Ukraine,Europe,2015,,,1714.0,,,1537.0,,,656.0
Ukraine,Europe,2021,,,1985.0,,,1722.0,,,632.0
United Arab Emirates,Asia,2005,0.8390000000000001,0.904,178.0,,,263.0,,,
United Arab Emirates,Asia,2007,0.873,0.893,194.0,1.021,1.011,284.0,,,
United Arab Emirates,Asia,2010,0.851,0.852,211.0,,,327.0,,,
United Arab Emirates,Asia,2015,0.9520000000000001,0.978,260.0,1.1159999999999999,1.114,461.0,,,
United Arab Emirates,Asia,2022,0.99,1.006,385.0,1.1320000000000001,1.115,468.0,1.105,1.126,380.0
United Kingdom,Europe,2005,1.015,1.012,2347.0,1.063,1.064,4635.0,1.111,1.0590000000000002,3414.0
United Kingdom,Europe,2010,1.081,1.122,2458.0,1.043,1.048,4422.0,0.996,0.96,3081.0
United Kingdom,Europe,2015,1.09,1.122,2335.0,1.0190000000000001,1.02,4621.0,1.385,1.3019999999999998,4040.0
United Kingdom,Europe,2020,1.148,1.155,2689.0,0.995,0.998,4904.0,1.2109999999999999,1.155,3446.0
Tanzania,Africa,2005,,,,1.038,1.07,7541.0,,,
Tanzania,Africa,2010,0.38299999999999995,0.46299999999999997,1669.0,1.038,1.0190000000000001,8419.0,0.07400000000000001,0.098,157.0
Tanzania,Africa,2015,0.37,0.36200000000000004,1648.0,0.87,0.825,8298.0,0.05,0.07400000000000001,126.0
Tanzania,Africa,2021,0.408,0.36700000000000005,2185.0,0.99,0.9540000000000001,11197.0,0.053,0.069,153.0
United States of America,North America,2005,1.0,1.016,,1.013,1.024,,0.917,0.866,
United States of America,North America,2015,1.0070000000000001,1.004,12549.0,1.003,1.003,24786.0,0.956,0.9390000000000001,11868.0
United States of America,North America,2020,1.0170000000000001,1.041,12935.0,1.001,1.005,24466.0,0.971,0.99,12248.0
Uruguay,South America,2005,1.117,1.021,173.0,1.127,1.156,366.0,1.053,0.861,150.0
Uruguay,South America,2010,1.1440000000000001,1.074,174.0,1.109,1.146,342.0,1.046,0.794,147.0
Uruguay,South America,2015,,,180.0,1.0979999999999999,1.122,317.0,,,160.0
Uruguay,South America,2020,1.166,1.156,163.0,1.036,1.047,294.0,1.3559999999999999,1.122,181.0
Uzbekistan,Asia,2005,0.965,0.97,3143.0,0.97,0.971,2383.0,0.7190000000000001,0.78,1373.0
Uzbekistan,Asia,2010,0.9490000000000001,0.953,2850.0,0.9309999999999999,0.9470000000000001,1971.0,0.823,0.8140000000000001,1599.0
Uzbekistan,Asia,2015,0.924,0.937,2405.0,0.992,1.006,2135.0,0.8959999999999999,0.904,1559.0
Uzbekistan,Asia,2019,0.975,0.998,2608.0,1.016,1.028,2506.0,0.966,0.94,1465.0
Uzbekistan,Asia,2021,,,,0.97,0.99,2504.0,,,
Vanuatu,Oceania,2004,0.479,0.45799999999999996,9.0,,,,,,
Vanuatu,Oceania,2005,,,,1.161,1.192,39.0,,,
Vanuatu,Oceania,2010,0.703,0.644,14.0,1.219,1.23,42.0,0.433,0.513,6.0
Vanuatu,Oceania,2015,0.6859999999999999,0.669,15.0,1.078,1.107,46.0,0.354,0.337,5.0
Vanuatu,Oceania,2021,0.7020000000000001,0.645,20.0,1.219,1.2409999999999999,57.0,0.359,0.349,7.0
Venezuela,South America,2005,0.895,0.828,1408.0,1.032,1.051,3449.0,0.638,0.51,620.0
Venezuela,South America,2010,0.925,0.8759999999999999,1478.0,1.013,1.042,3458.0,0.7759999999999999,0.66,777.0
Venezuela,South America,2015,1.002,0.9620000000000001,1646.0,0.998,1.02,3476.0,0.857,0.747,877.0
Venezuela,South America,2017,0.9520000000000001,0.9079999999999999,1534.0,0.96,0.983,3285.0,0.86,0.752,857.0
Viet Nam,Asia,2005,0.892,0.925,6671.0,0.9520000000000001,1.001,7773.0,,,
Viet Nam,Asia,2010,0.8909999999999999,0.8490000000000001,5214.0,1.032,1.081,6923.0,,,
Viet Nam,Asia,2015,0.987,0.97,5099.0,1.101,1.097,7544.0,,,
Viet Nam,Asia,2021,1.069,1.031,5910.0,1.196,1.1740000000000002,8885.0,,,
Yemen,Asia,2005,0.345,0.6729999999999999,853.0,0.755,1.022,3220.0,0.255,0.562,602.0
Yemen,Asia,2010,0.425,0.664,976.0,0.823,1.0090000000000001,3427.0,0.24600000000000002,0.418,586.0
Yemen,Asia,2013,0.48200000000000004,0.691,1066.0,0.894,1.0659999999999998,3875.0,0.316,0.47200000000000003,702.0
Yemen,Asia,2016,0.515,0.6920000000000001,1156.0,0.871,0.9990000000000001,3900.0,0.345,0.495,760.0
Zambia,Africa,2005,0.426,0.503,264.0,1.088,1.1540000000000001,2573.0,,,
Zambia,Africa,2010,0.634,0.7190000000000001,442.0,1.073,1.0659999999999998,2899.0,,,
Zambia,Africa,2015,0.583,0.62,471.0,1.016,1.013,3216.0,,,
Zambia,Africa,2017,0.598,0.617,511.0,0.9990000000000001,0.975,3285.0,,,
Zimbabwe,Africa,2003,0.573,0.614,387.0,,,,,,
Zimbabwe,Africa,2013,0.752,0.728,467.0,1.087,1.111,2663.0,0.389,0.43200000000000005,491.0
Zimbabwe,Africa,2015,,,,1.028,1.0490000000000002,2658.0,,,
Zimbabwe,Africa,2021,,,,0.9640000000000001,0.9590000000000001,2899.0,,,
