country,continent,year,gdp,gdp_usa_price_2015,gdp_per_capita,gdp_growth_rate
Afghanistan,Asia,1995,2757.0,6335.0,168.0,0.305
Afghanistan,Asia,2005,6221.0,9596.0,255.0,0.075
Afghanistan,Asia,2010,14699.0,14744.0,521.0,0.052000000000000005
Afghanistan,Asia,2015,18713.0,18713.0,554.0,-0.013999999999999999
Afghanistan,Asia,2019,18904.0,20510.0,501.0,0.039
Afghanistan,Asia,2020,20143.0,20028.0,517.0,-0.024
Afghanistan,Asia,2021,14939.0,15875.0,373.0,-0.207
Albania,Europe,1995,2393.0,4720.0,729.0,0.133
Albania,Europe,2005,8052.0,8057.0,2655.0,0.055
Albania,Europe,2010,11927.0,10420.0,4094.0,0.037000000000000005
Albania,Europe,2015,11387.0,11387.0,3950.0,0.022000000000000002
Albania,Europe,2019,15402.0,12968.0,5359.0,0.021
Albania,Europe,2020,15132.0,12516.0,5278.0,-0.035
Albania,Europe,2021,18260.0,13586.0,6396.0,0.085
Algeria,Africa,1995,41971.0,81507.0,1474.0,0.038
Algeria,Africa,2005,103198.0,124381.0,3131.0,0.059000000000000004
Algeria,Africa,2010,161207.0,140977.0,4496.0,0.036000000000000004
Algeria,Africa,2015,165979.0,165979.0,4197.0,0.037000000000000005
Algeria,Africa,2019,171760.0,177355.0,4022.0,0.01
Algeria,Africa,2020,145744.0,168310.0,3354.0,-0.051
Algeria,Africa,2021,163473.0,174033.0,3700.0,0.034
Andorra,Europe,1995,1491.0,1841.0,23702.0,0.027999999999999997
Andorra,Europe,2005,3160.0,3136.0,39584.0,0.054000000000000006
Andorra,Europe,2010,3447.0,2927.0,48191.0,-0.02
Andorra,Europe,2015,2789.0,2789.0,38870.0,0.013999999999999999
Andorra,Europe,2019,3155.0,3008.0,41329.0,0.02
Andorra,Europe,2020,2891.0,2671.0,37207.0,-0.11199999999999999
Andorra,Europe,2021,3325.0,2893.0,42066.0,0.083
Angola,Africa,1995,6642.0,29870.0,477.0,0.15
Angola,Africa,2005,36971.0,62278.0,1901.0,0.15
Angola,Africa,2010,83799.0,93199.0,3587.0,0.049
Angola,Africa,2015,116194.0,116194.0,4131.0,0.009000000000000001
Angola,Africa,2019,83137.0,110809.0,2570.0,-0.006999999999999999
Angola,Africa,2020,54821.0,104603.0,1640.0,-0.055999999999999994
Angola,Africa,2021,70533.0,105754.0,2044.0,0.011000000000000001
Anguilla,North America,1995,104.0,170.0,10805.0,-0.023
Anguilla,North America,2005,229.0,299.0,18881.0,0.131
Anguilla,North America,2010,270.0,313.0,20461.0,-0.046
Anguilla,North America,2015,331.0,331.0,22756.0,0.037000000000000005
Anguilla,North America,2019,377.0,345.0,24495.0,0.055
Anguilla,North America,2020,258.0,242.0,16583.0,-0.299
Anguilla,North America,2021,303.0,277.0,19216.0,0.145
Antigua and Barbuda,North America,1995,577.0,825.0,8440.0,-0.044000000000000004
Antigua and Barbuda,North America,2005,1015.0,1222.0,12708.0,0.079
Antigua and Barbuda,North America,2010,1149.0,1231.0,13405.0,-0.078
Antigua and Barbuda,North America,2015,1337.0,1337.0,14862.0,0.038
Antigua and Barbuda,North America,2019,1688.0,1630.0,18319.0,0.049
Antigua and Barbuda,North America,2020,1370.0,1301.0,14788.0,-0.20199999999999999
Antigua and Barbuda,North America,2021,1421.0,1324.0,15246.0,0.018000000000000002
Argentina,South America,1995,279701.0,377768.0,8004.0,-0.027999999999999997
Argentina,South America,2005,200622.0,472004.0,5135.0,0.08900000000000001
Argentina,South America,2010,426487.0,599349.0,10377.0,0.10099999999999999
Argentina,South America,2015,644903.0,644903.0,14909.0,0.027000000000000003
Argentina,South America,2019,447755.0,619640.0,10007.0,-0.02
Argentina,South America,2020,385540.0,558028.0,8561.0,-0.099
Argentina,South America,2021,487227.0,616053.0,10761.0,0.10400000000000001
Armenia,Asia,1995,1372.0,3036.0,413.0,0.069
Armenia,Asia,2005,5226.0,7048.0,1715.0,0.139
Armenia,Asia,2010,9875.0,8517.0,3352.0,0.022000000000000002
Armenia,Asia,2015,10553.0,10553.0,3666.0,0.032
Armenia,Asia,2019,13619.0,12871.0,4829.0,0.076
Armenia,Asia,2020,12642.0,11950.0,4506.0,-0.07200000000000001
Armenia,Asia,2021,13861.0,12631.0,4967.0,0.057
Aruba,North America,1995,1384.0,2246.0,17961.0,0.025
Aruba,North America,2005,2360.0,2982.0,24978.0,0.012
Aruba,North America,2010,2454.0,2696.0,24453.0,-0.027999999999999997
Aruba,North America,2015,2963.0,2963.0,28419.0,0.036000000000000004
Aruba,North America,2019,3369.0,3380.0,31651.0,0.006
Aruba,North America,2020,2610.0,2752.0,24488.0,-0.18600000000000003
Aruba,North America,2021,3126.0,3225.0,29342.0,0.172
Australia,Oceania,1995,392080.0,661157.0,21779.0,0.039
Australia,Oceania,2005,762829.0,947206.0,37817.0,0.027000000000000003
Australia,Oceania,2010,1301097.0,1085342.0,59089.0,0.024
Australia,Oceania,2015,1245248.0,1245248.0,52277.0,0.027000000000000003
Australia,Oceania,2019,1376060.0,1338160.0,54267.0,-0.001
Australia,Oceania,2020,1431725.0,1368084.0,55774.0,0.022000000000000002
Australia,Oceania,2021,1734532.0,1417576.0,66916.0,0.036000000000000004
Austria,Europe,1995,241054.0,268468.0,30332.0,0.027000000000000003
Austria,Europe,2005,315967.0,339519.0,38406.0,0.022000000000000002
Austria,Europe,2010,391893.0,362278.0,46861.0,0.018000000000000002
Austria,Europe,2015,381818.0,381818.0,44179.0,0.01
Austria,Europe,2019,444621.0,414056.0,50070.0,0.015
Austria,Europe,2020,435225.0,387333.0,48859.0,-0.065
Austria,Europe,2021,480368.0,404983.0,53840.0,0.046
Azerbaijan,Asia,1995,3081.0,8358.0,391.0,-0.11800000000000001
Azerbaijan,Asia,2005,13245.0,22097.0,1530.0,0.264
Azerbaijan,Asia,2010,52906.0,47223.0,5727.0,0.05
Azerbaijan,Asia,2015,53076.0,53076.0,5381.0,0.011000000000000001
Azerbaijan,Asia,2019,48174.0,53509.0,4708.0,0.025
Azerbaijan,Asia,2020,42693.0,51240.0,4151.0,-0.042
Azerbaijan,Asia,2021,54622.0,54099.0,5296.0,0.055999999999999994
Bahamas,North America,1995,5165.0,8258.0,17241.0,0.044000000000000004
Bahamas,North America,2005,9836.0,11581.0,28281.0,0.034
Bahamas,North America,2010,10096.0,11446.0,27047.0,0.015
Bahamas,North America,2015,11862.0,11862.0,30206.0,0.01
Bahamas,North America,2019,13193.0,12575.0,32610.0,0.019
Bahamas,North America,2020,9700.0,9579.0,23863.0,-0.23800000000000002
Bahamas,North America,2021,11209.0,10893.0,27478.0,0.13699999999999998
Bahrain,Asia,1995,6787.0,12294.0,11073.0,0.019
Bahrain,Asia,2005,15969.0,19867.0,17705.0,0.068
Bahrain,Asia,2010,25713.0,26036.0,21187.0,0.043
Bahrain,Asia,2015,31051.0,31051.0,22795.0,0.025
Bahrain,Asia,2019,38653.0,34985.0,25869.0,0.021
Bahrain,Asia,2020,34723.0,33258.0,23502.0,-0.049
Bahrain,Asia,2021,38869.0,33999.0,26563.0,0.022000000000000002
Bangladesh,Asia,1995,37866.0,63504.0,321.0,0.049
Bangladesh,Asia,2005,57628.0,106644.0,409.0,0.06
Bangladesh,Asia,2010,123085.0,153848.0,829.0,0.075
Bangladesh,Asia,2015,228785.0,228785.0,1450.0,0.085
Bangladesh,Asia,2019,349474.0,307934.0,2111.0,0.079
Bangladesh,Asia,2020,373562.0,318552.0,2231.0,0.034
Bangladesh,Asia,2021,414907.0,340655.0,2450.0,0.069
Barbados,North America,1995,2297.0,3741.0,8757.0,0.02
Barbados,North America,2005,3936.0,4695.0,14604.0,0.04
Barbados,North America,2010,4530.0,4735.0,16490.0,-0.023
Barbados,North America,2015,4725.0,4725.0,16990.0,0.025
Barbados,North America,2019,5324.0,4810.0,19003.0,-0.001
Barbados,North America,2020,4672.0,4170.0,16644.0,-0.133
Barbados,North America,2021,4844.0,4162.0,17225.0,-0.002
Belarus,Europe,1995,14324.0,19207.0,1369.0,-0.10400000000000001
Belarus,Europe,2005,31232.0,37454.0,3144.0,0.094
Belarus,Europe,2010,57232.0,53219.0,5881.0,0.078
Belarus,Europe,2015,56455.0,56455.0,5820.0,-0.038
Belarus,Europe,2019,64410.0,59086.0,6658.0,0.013999999999999999
Belarus,Europe,2020,61372.0,58693.0,6370.0,-0.006999999999999999
Belarus,Europe,2021,68206.0,60014.0,7121.0,0.023
Belgium,Europe,1995,288029.0,317458.0,28531.0,0.024
Belgium,Europe,2005,385561.0,402490.0,36661.0,0.023
Belgium,Europe,2010,480952.0,433230.0,44213.0,0.028999999999999998
Belgium,Europe,2015,462150.0,462150.0,41086.0,0.02
Belgium,Europe,2019,535831.0,494959.0,46551.0,0.022000000000000002
Belgium,Europe,2020,525212.0,468422.0,45427.0,-0.054000000000000006
Belgium,Europe,2021,594104.0,497154.0,51166.0,0.061
Belize,North America,1995,819.0,1022.0,4022.0,0.006
Belize,North America,2005,1462.0,1767.0,5213.0,0.022000000000000002
Belize,North America,2010,1739.0,1895.0,5398.0,0.013000000000000001
Belize,North America,2015,2210.0,2210.0,6142.0,0.034
Belize,North America,2019,2417.0,2298.0,6211.0,0.045
Belize,North America,2020,2080.0,1991.0,5267.0,-0.134
Belize,North America,2021,2492.0,2293.0,6229.0,0.152
Benin,Africa,1995,2345.0,3556.0,388.0,0.10099999999999999
Benin,Africa,2005,6565.0,7527.0,806.0,0.017
Benin,Africa,2010,9526.0,9088.0,1009.0,0.021
Benin,Africa,2015,11380.0,11380.0,1041.0,0.018000000000000002
Benin,Africa,2019,14392.0,14169.0,1171.0,0.069
Benin,Africa,2020,15687.0,14714.0,1241.0,0.038
Benin,Africa,2021,17688.0,15767.0,1361.0,0.07200000000000001
Bermuda,North America,1995,2557.0,4859.0,42996.0,0.054000000000000006
Bermuda,North America,2005,4868.0,6641.0,77322.0,0.017
Bermuda,North America,2010,6635.0,7544.0,104568.0,0.006
Bermuda,North America,2015,6655.0,6655.0,105387.0,0.008
Bermuda,North America,2019,7423.0,6841.0,116333.0,0.003
Bermuda,North America,2020,6882.0,6372.0,107474.0,-0.069
Bermuda,North America,2021,7231.0,6629.0,112653.0,0.04
Bhutan,Asia,1995,289.0,483.0,548.0,0.068
Bhutan,Asia,2005,797.0,992.0,1201.0,0.071
Bhutan,Asia,2010,1548.0,1532.0,2194.0,0.11900000000000001
Bhutan,Asia,2015,2004.0,2004.0,2696.0,0.066
Bhutan,Asia,2019,2536.0,2471.0,3304.0,0.057999999999999996
Bhutan,Asia,2020,2315.0,2222.0,2997.0,-0.10099999999999999
Bhutan,Asia,2021,2381.0,2148.0,3063.0,-0.033
Bolivia,South America,1995,6715.0,14637.0,856.0,0.047
Bolivia,South America,2005,9549.0,20184.0,1018.0,0.044000000000000004
Bolivia,South America,2010,19650.0,25267.0,1922.0,0.040999999999999995
Bolivia,South America,2015,33000.0,33000.0,2976.0,0.049
Bolivia,South America,2019,40895.0,38193.0,3472.0,0.022000000000000002
Bolivia,South America,2020,36630.0,34856.0,3069.0,-0.087
Bolivia,South America,2021,40408.0,36984.0,3345.0,0.061
Bosnia and Herzegovina,Europe,1995,1989.0,3764.0,530.0,0.16
Bosnia and Herzegovina,Europe,2005,11223.0,13178.0,2741.0,0.039
Bosnia and Herzegovina,Europe,2010,17176.0,15170.0,4507.0,0.009000000000000001
Bosnia and Herzegovina,Europe,2015,16212.0,16212.0,4600.0,0.031
Bosnia and Herzegovina,Europe,2019,20203.0,18405.0,6011.0,0.027999999999999997
Bosnia and Herzegovina,Europe,2020,19951.0,17830.0,6012.0,-0.031
Bosnia and Herzegovina,Europe,2021,23365.0,19176.0,7143.0,0.075
Botswana,Africa,1995,4731.0,6739.0,3065.0,0.07
Botswana,Africa,2005,9759.0,10190.0,5156.0,0.040999999999999995
Botswana,Africa,2010,12637.0,11354.0,6042.0,0.10099999999999999
Botswana,Africa,2015,13531.0,13531.0,5870.0,-0.049
Botswana,Africa,2019,16696.0,16212.0,6679.0,0.03
Botswana,Africa,2020,14930.0,14797.0,5863.0,-0.087
Botswana,Africa,2021,17615.0,16479.0,6805.0,0.114
Brazil,South America,1995,781736.0,1074026.0,4781.0,0.042
Brazil,South America,2005,891634.0,1368459.0,4773.0,0.032
Brazil,South America,2010,2208838.0,1703150.0,11249.0,0.075
Brazil,South America,2015,1802212.0,1802212.0,8783.0,-0.035
Brazil,South America,2019,1881459.0,1819683.0,8884.0,0.012
Brazil,South America,2020,1448566.0,1749104.0,6795.0,-0.039
Brazil,South America,2021,1608981.0,1829902.0,7507.0,0.046
British Virgin Islands,North America,1995,453.0,734.0,25652.0,0.23600000000000002
British Virgin Islands,North America,2005,994.0,1204.0,42283.0,0.14300000000000002
British Virgin Islands,North America,2010,1114.0,1251.0,40431.0,0.017
British Virgin Islands,North America,2015,1279.0,1279.0,43559.0,0.008
British Virgin Islands,North America,2019,1439.0,1382.0,47006.0,0.017
British Virgin Islands,North America,2020,1492.0,1406.0,48273.0,0.017
British Virgin Islands,North America,2021,1539.0,1433.0,49444.0,0.019
Brunei Darussalam,Asia,1995,5245.0,10623.0,17538.0,0.045
Brunei Darussalam,Asia,2005,10561.0,12575.0,28800.0,0.004
Brunei Darussalam,Asia,2010,13707.0,12995.0,34609.0,0.026000000000000002
Brunei Darussalam,Asia,2015,12930.0,12930.0,30681.0,-0.004
Brunei Darussalam,Asia,2019,13469.0,13279.0,30748.0,0.039
Brunei Darussalam,Asia,2020,12006.0,13429.0,27179.0,0.011000000000000001
Brunei Darussalam,Asia,2021,14006.0,13214.0,31449.0,-0.016
Bulgaria,Europe,1995,18992.0,33809.0,2240.0,0.028999999999999998
Bulgaria,Europe,2005,29869.0,40066.0,3822.0,0.071
Bulgaria,Europe,2010,50682.0,47538.0,6676.0,0.015
Bulgaria,Europe,2015,50782.0,50782.0,6948.0,0.034
Bulgaria,Europe,2019,68914.0,57444.0,9772.0,0.04
Bulgaria,Europe,2020,70239.0,55170.0,10064.0,-0.04
Bulgaria,Europe,2021,84058.0,59382.0,12207.0,0.076
Burkina Faso,Africa,1995,2704.0,3723.0,261.0,0.057
Burkina Faso,Africa,2005,6144.0,6950.0,443.0,0.087
Burkina Faso,Africa,2010,10100.0,9082.0,627.0,0.084
Burkina Faso,Africa,2015,11823.0,11823.0,632.0,0.039
Burkina Faso,Africa,2019,16178.0,14990.0,772.0,0.057
Burkina Faso,Africa,2020,17934.0,15280.0,833.0,0.019
Burkina Faso,Africa,2021,19738.0,16335.0,893.0,0.069
Burundi,Africa,1995,1000.0,1827.0,169.0,-0.07
Burundi,Africa,2005,1117.0,1905.0,151.0,0.009000000000000001
Burundi,Africa,2010,2032.0,2376.0,223.0,0.051
Burundi,Africa,2015,2811.0,2811.0,262.0,-0.004
Burundi,Africa,2019,3369.0,3313.0,284.0,0.045
Burundi,Africa,2020,3615.0,3324.0,296.0,0.003
Burundi,Africa,2021,3900.0,3383.0,311.0,0.018000000000000002
Cabo Verde,Africa,1995,558.0,597.0,1356.0,0.075
Cabo Verde,Africa,2005,1105.0,1160.0,2243.0,0.065
Cabo Verde,Africa,2010,1664.0,1483.0,3193.0,0.015
Cabo Verde,Africa,2015,1596.0,1596.0,2891.0,0.01
Cabo Verde,Africa,2019,1982.0,1914.0,3435.0,0.057
Cabo Verde,Africa,2020,1704.0,1631.0,2924.0,-0.14800000000000002
Cabo Verde,Africa,2021,1936.0,1745.0,3293.0,0.07
Cambodia,Asia,1995,3309.0,4185.0,303.0,0.059000000000000004
Cambodia,Asia,2005,6293.0,9237.0,475.0,0.132
Cambodia,Asia,2010,11242.0,12760.0,783.0,0.06
Cambodia,Asia,2015,18050.0,18050.0,1171.0,0.07
Cambodia,Asia,2019,27098.0,23744.0,1672.0,0.071
Cambodia,Asia,2020,25291.0,22999.0,1542.0,-0.031
Cambodia,Asia,2021,26669.0,23690.0,1608.0,0.03
Cameroon,Africa,1995,10865.0,13858.0,822.0,0.028999999999999998
Cameroon,Africa,2005,19502.0,21579.0,1129.0,0.022000000000000002
Cameroon,Africa,2010,27481.0,25370.0,1382.0,0.028999999999999998
Cameroon,Africa,2015,32186.0,32186.0,1399.0,0.057
Cameroon,Africa,2019,39671.0,37474.0,1539.0,0.035
Cameroon,Africa,2020,40804.0,37658.0,1540.0,0.005
Cameroon,Africa,2021,45368.0,39032.0,1668.0,0.036000000000000004
Canada,North America,1995,605943.0,955380.0,20688.0,0.027000000000000003
Canada,North America,2005,1173158.0,1321333.0,36415.0,0.032
Canada,North America,2010,1617267.0,1399168.0,47618.0,0.031
Canada,North America,2015,1556129.0,1556129.0,43550.0,0.006999999999999999
Canada,North America,2019,1741497.0,1689714.0,46412.0,0.019
Canada,North America,2020,1645423.0,1607010.0,43428.0,-0.049
Canada,North America,2021,1988336.0,1679982.0,52112.0,0.045
Cayman Islands,North America,1995,1709.0,2623.0,52096.0,0.048
Cayman Islands,North America,2005,4010.0,4430.0,85813.0,0.065
Cayman Islands,North America,2010,4157.0,4300.0,76872.0,-0.027000000000000003
Cayman Islands,North America,2015,4708.0,4708.0,77296.0,0.027999999999999997
Cayman Islands,North America,2019,5943.0,5432.0,89869.0,0.039
Cayman Islands,North America,2020,5609.0,5123.0,83326.0,-0.057
Cayman Islands,North America,2021,5809.0,5211.0,85250.0,0.017
Central African Republic,Africa,1995,1167.0,1788.0,356.0,0.052000000000000005
Central African Republic,Africa,2005,1413.0,1938.0,336.0,0.024
Central African Republic,Africa,2010,2141.0,2331.0,459.0,0.046
Central African Republic,Africa,2015,1695.0,1695.0,352.0,0.043
Central African Republic,Africa,2019,2221.0,1983.0,426.0,0.03
Central African Republic,Africa,2020,2325.0,2002.0,435.0,0.01
Central African Republic,Africa,2021,2518.0,2022.0,461.0,0.01
Chad,Africa,1995,1643.0,2779.0,239.0,0.013999999999999999
Chad,Africa,2005,6681.0,6331.0,668.0,0.079
Chad,Africa,2010,12176.0,10348.0,1024.0,0.174
Chad,Africa,2015,14401.0,14401.0,1018.0,0.039
Chad,Africa,2019,15299.0,15042.0,949.0,0.034
Chad,Africa,2020,14910.0,14718.0,896.0,-0.022000000000000002
Chad,Africa,2021,16410.0,14554.0,955.0,-0.011000000000000001
Chile,South America,1995,75099.0,109700.0,5209.0,0.106
Chile,South America,2005,122965.0,167485.0,7602.0,0.062
Chile,South America,2010,218538.0,201494.0,12852.0,0.057999999999999996
Chile,South America,2015,243919.0,243919.0,13650.0,0.023
Chile,South America,2019,278585.0,262361.0,14632.0,0.008
Chile,South America,2020,252727.0,246676.0,13094.0,-0.06
Chile,South America,2021,317059.0,275459.0,16265.0,0.11699999999999999
China,Asia,1995,734485.0,1831413.0,603.0,0.11
China,Asia,2005,2285962.0,4420545.0,1752.0,0.114
China,Asia,2010,6087188.0,7554111.0,4515.0,0.106
China,Asia,2015,11061570.0,11061570.0,7937.0,0.07
China,Asia,2019,14279966.0,14296365.0,10043.0,0.06
China,Asia,2020,14687744.0,14616670.0,10308.0,0.022000000000000002
China,Asia,2021,17734131.0,15802052.0,12437.0,0.081
Hong Kong,Asia,1995,144652.0,157719.0,23167.0,0.024
Hong Kong,Asia,2005,181569.0,220757.0,26175.0,0.07400000000000001
Hong Kong,Asia,2010,228639.0,267552.0,32056.0,0.068
Hong Kong,Asia,2015,309386.0,309386.0,41810.0,0.024
Hong Kong,Asia,2019,363052.0,331794.0,48432.0,-0.017
Hong Kong,Asia,2020,344930.0,310078.0,45985.0,-0.065
Hong Kong,Asia,2021,369174.0,329747.0,49259.0,0.063
Macao,Asia,1995,7046.0,13978.0,17765.0,0.033
Macao,Asia,2005,12160.0,23417.0,24887.0,0.081
Macao,Asia,2010,28242.0,39823.0,50676.0,0.251
Macao,Asia,2015,45048.0,45048.0,73221.0,-0.215
Macao,Asia,2019,55205.0,51074.0,83183.0,-0.025
Macao,Asia,2020,25586.0,23488.0,37834.0,-0.54
Macao,Asia,2021,29905.0,27714.0,43555.0,0.18
Colombia,South America,1995,109580.0,150181.0,3046.0,0.052000000000000005
Colombia,South America,2005,145619.0,187774.0,3449.0,0.047
Colombia,South America,2010,286563.0,233471.0,6394.0,0.045
Colombia,South America,2015,293482.0,293482.0,6228.0,0.03
Colombia,South America,2019,323110.0,321394.0,6438.0,0.032
Colombia,South America,2020,270300.0,298742.0,5307.0,-0.07
Colombia,South America,2021,314464.0,330638.0,6104.0,0.107
Comoros,Africa,1995,483.0,612.0,999.0,0.036000000000000004
Comoros,Africa,2005,787.0,743.0,1328.0,0.027999999999999997
Comoros,Africa,2010,907.0,743.0,1383.0,0.048
Comoros,Africa,2015,966.0,966.0,1322.0,0.02
Comoros,Africa,2019,1193.0,1130.0,1508.0,0.036000000000000004
Comoros,Africa,2020,1235.0,1174.0,1532.0,0.039
Comoros,Africa,2021,1340.0,1201.0,1631.0,0.023
Congo,Africa,1995,2457.0,6219.0,896.0,0.04
Congo,Africa,2005,6647.0,7864.0,1810.0,0.092
Congo,Africa,2010,13136.0,10346.0,2960.0,0.099
Congo,Africa,2015,11881.0,11881.0,2346.0,-0.036000000000000004
Congo,Africa,2019,12910.0,9748.0,2317.0,0.01
Congo,Africa,2020,10483.0,9139.0,1838.0,-0.062
Congo,Africa,2021,12841.0,9088.0,2200.0,-0.006
Cook Islands,Oceania,1995,116.0,207.0,6517.0,-0.044000000000000004
Cook Islands,Oceania,2005,199.0,265.0,13152.0,-0.011000000000000001
Cook Islands,Oceania,2010,241.0,266.0,13990.0,-0.049
Cook Islands,Oceania,2015,302.0,302.0,17077.0,0.057
Cook Islands,Oceania,2019,357.0,384.0,20853.0,0.048
Cook Islands,Oceania,2020,283.0,287.0,16642.0,-0.254
Cook Islands,Oceania,2021,328.0,257.0,19264.0,-0.10400000000000001
Costa Rica,North America,1995,11572.0,24537.0,3239.0,0.042
Costa Rica,North America,2005,20045.0,36882.0,4644.0,0.04
Costa Rica,North America,2010,37659.0,46858.0,8147.0,0.054000000000000006
Costa Rica,North America,2015,56442.0,56442.0,11530.0,0.037000000000000005
Costa Rica,North America,2019,64418.0,64382.0,12669.0,0.024
Costa Rica,North America,2020,62158.0,61774.0,12133.0,-0.040999999999999995
Costa Rica,North America,2021,64282.0,66457.0,12472.0,0.076
Croatia,Europe,1995,22644.0,33414.0,4710.0,0.08
Croatia,Europe,2005,45835.0,49177.0,10347.0,0.043
Croatia,Europe,2010,60672.0,50638.0,13888.0,-0.012
Croatia,Europe,2015,50243.0,50243.0,11808.0,0.025
Croatia,Europe,2019,62328.0,57206.0,15092.0,0.034
Croatia,Europe,2020,57472.0,52297.0,14028.0,-0.086
Croatia,Europe,2021,68955.0,59134.0,16983.0,0.131
Cuba,North America,1995,30428.0,36619.0,2785.0,0.025
Cuba,North America,2005,42644.0,58415.0,3792.0,0.11199999999999999
Cuba,North America,2010,64328.0,75943.0,5698.0,0.024
Cuba,North America,2015,87206.0,87206.0,7690.0,0.044000000000000004
Cuba,North America,2019,103428.0,91096.0,9139.0,-0.002
Cuba,North America,2020,107352.0,81122.0,9500.0,-0.109
Cuba,North America,2021,126694.0,82139.0,11255.0,0.013000000000000001
Curaçao,North America,1995,0.0,,,
Curaçao,North America,2005,2345.0,2907.0,15921.0,
Curaçao,North America,2010,2951.0,3079.0,18518.0,0.001
Curaçao,North America,2015,3043.0,3043.0,17944.0,0.003
Curaçao,North America,2019,2995.0,2802.0,15511.0,-0.034
Curaçao,North America,2020,2496.0,2285.0,13187.0,-0.184
Curaçao,North America,2021,2700.0,2382.0,14183.0,0.042
Cyprus,Asia,1995,9933.0,12657.0,15265.0,0.099
Cyprus,Asia,2005,18694.0,18922.0,25311.0,0.049
Cyprus,Asia,2010,25775.0,21632.0,31075.0,0.023
Cyprus,Asia,2015,19901.0,19901.0,23477.0,0.034
Cyprus,Asia,2019,25945.0,25002.0,29851.0,0.055
Cyprus,Asia,2020,25008.0,23909.0,28570.0,-0.044000000000000004
Cyprus,Asia,2021,28408.0,25496.0,32281.0,0.066
Czechia,Europe,1995,60146.0,115863.0,5833.0,0.065
Czechia,Europe,2005,137143.0,152948.0,13341.0,0.066
Czechia,Europe,2010,209070.0,172890.0,19978.0,0.024
Czechia,Europe,2015,188033.0,188033.0,17867.0,0.054000000000000006
Czechia,Europe,2019,252548.0,215640.0,23968.0,0.03
Czechia,Europe,2020,245975.0,203774.0,23357.0,-0.055
Czechia,Europe,2021,281778.0,210996.0,26809.0,0.035
Ivory Coast,Africa,1995,11105.0,18367.0,777.0,0.071
Ivory Coast,Africa,2005,17085.0,21747.0,901.0,0.017
Ivory Coast,Africa,2010,26264.0,25614.0,1244.0,0.077
Ivory Coast,Africa,2015,45780.0,45780.0,1940.0,0.149
Ivory Coast,Africa,2019,58540.0,59817.0,2239.0,0.062
Ivory Coast,Africa,2020,61349.0,60989.0,2288.0,0.02
Ivory Coast,Africa,2021,69765.0,65271.0,2539.0,0.07
North Korea,Asia,1995,4849.0,14702.0,222.0,-0.044000000000000004
North Korea,Asia,2005,13031.0,15882.0,548.0,0.038
North Korea,Asia,2010,13945.0,15794.0,573.0,-0.005
North Korea,Asia,2015,16283.0,16283.0,654.0,-0.011000000000000001
North Korea,Asia,2019,16331.0,15702.0,643.0,0.004
North Korea,Asia,2020,15847.0,14990.0,621.0,-0.045
North Korea,Asia,2021,16750.0,14982.0,654.0,-0.001
Democratic Republic of the Congo,Africa,1995,8947.0,20182.0,207.0,0.006999999999999999
Democratic Republic of the Congo,Africa,2005,11965.0,19924.0,212.0,0.061
Democratic Republic of the Congo,Africa,2010,21566.0,26094.0,325.0,0.071
Democratic Republic of the Congo,Africa,2015,37918.0,37918.0,482.0,0.069
Democratic Republic of the Congo,Africa,2019,47320.0,44488.0,526.0,0.044000000000000004
Democratic Republic of the Congo,Africa,2020,45308.0,45260.0,488.0,0.017
Democratic Republic of the Congo,Africa,2021,52850.0,47845.0,551.0,0.057
Denmark,Europe,1995,185008.0,226659.0,35339.0,0.03
Denmark,Europe,2005,264467.0,280921.0,48648.0,0.023
Denmark,Europe,2010,321995.0,283894.0,58008.0,0.019
Denmark,Europe,2015,302673.0,302673.0,53308.0,0.023
Denmark,Europe,2019,346499.0,332603.0,59784.0,0.015
Denmark,Europe,2020,355222.0,325968.0,60976.0,-0.02
Denmark,Europe,2021,398303.0,341797.0,68037.0,0.049
Djibouti,Africa,1995,510.0,764.0,809.0,0.055999999999999994
Djibouti,Africa,2005,709.0,927.0,853.0,0.036000000000000004
Djibouti,Africa,2010,1244.0,1466.0,1353.0,0.11699999999999999
Djibouti,Africa,2015,2445.0,2445.0,2430.0,0.077
Djibouti,Africa,2019,3166.0,3176.0,2948.0,0.066
Djibouti,Africa,2020,3423.0,3213.0,3140.0,0.012
Djibouti,Africa,2021,3701.0,3394.0,3348.0,0.055999999999999994
Dominica,North America,1995,275.0,381.0,3967.0,0.03
Dominica,North America,2005,364.0,458.0,5304.0,0.006999999999999999
Dominica,North America,2010,494.0,543.0,7182.0,0.006999999999999999
Dominica,North America,2015,541.0,541.0,7724.0,-0.024
Dominica,North America,2019,612.0,567.0,8562.0,0.055
Dominica,North America,2020,507.0,476.0,7037.0,-0.161
Dominica,North America,2021,548.0,507.0,7571.0,0.065
Dominican Republic,North America,1995,15747.0,24871.0,2001.0,0.055
Dominican Republic,North America,2005,35510.0,41291.0,3875.0,0.09300000000000001
Dominican Republic,North America,2010,53160.0,55952.0,5438.0,0.083
Dominican Republic,North America,2015,71155.0,71155.0,6838.0,0.069
Dominican Republic,North America,2019,88941.0,89275.0,8173.0,0.051
Dominican Republic,North America,2020,78845.0,83276.0,7168.0,-0.067
Dominican Republic,North America,2021,94243.0,93495.0,8477.0,0.12300000000000001
Ecuador,South America,1995,24421.0,50574.0,2112.0,0.023
Ecuador,South America,2005,41507.0,67646.0,3014.0,0.053
Ecuador,South America,2010,69555.0,79915.0,4640.0,0.035
Ecuador,South America,2015,99290.0,99290.0,6131.0,0.001
Ecuador,South America,2019,108108.0,101702.0,6233.0,0.0
Ecuador,South America,2020,99291.0,93782.0,5645.0,-0.078
Ecuador,South America,2021,106166.0,97754.0,5965.0,0.042
Egypt,Africa,1995,65758.0,133364.0,1025.0,0.046
Egypt,Africa,2005,94456.0,206215.0,1195.0,0.045
Egypt,Africa,2010,214630.0,278268.0,2460.0,0.051
Egypt,Africa,2015,317745.0,317745.0,3251.0,0.044000000000000004
Egypt,Africa,2019,317347.0,383992.0,3005.0,0.055999999999999994
Egypt,Africa,2020,371530.0,397700.0,3457.0,0.036000000000000004
Egypt,Africa,2021,425906.0,432759.0,3898.0,0.08800000000000001
El Salvador,North America,1995,8922.0,15981.0,1552.0,0.047
El Salvador,North America,2005,14698.0,19004.0,2434.0,0.027000000000000003
El Salvador,North America,2010,18448.0,20624.0,3017.0,0.021
El Salvador,North America,2015,23438.0,23438.0,3762.0,0.024
El Salvador,North America,2019,26881.0,25781.0,4280.0,0.024
El Salvador,North America,2020,24563.0,23674.0,3903.0,-0.08199999999999999
El Salvador,North America,2021,28737.0,26105.0,4551.0,0.10300000000000001
Equatorial Guinea,Africa,1995,215.0,741.0,384.0,0.11699999999999999
Equatorial Guinea,Africa,2005,8520.0,9888.0,9852.0,0.08900000000000001
Equatorial Guinea,Africa,2010,16299.0,13051.0,14891.0,-0.08900000000000001
Equatorial Guinea,Africa,2015,13176.0,13176.0,9782.0,-0.091
Equatorial Guinea,Africa,2019,11417.0,9991.0,7352.0,-0.06
Equatorial Guinea,Africa,2020,10022.0,9502.0,6279.0,-0.049
Equatorial Guinea,Africa,2021,12431.0,9744.0,7605.0,0.026000000000000002
Eritrea,Africa,1995,640.0,1406.0,297.0,0.209
Eritrea,Africa,2005,1098.0,1678.0,388.0,0.015
Eritrea,Africa,2010,1590.0,1689.0,505.0,0.109
Eritrea,Africa,2015,2013.0,2013.0,603.0,-0.20600000000000002
Eritrea,Africa,2019,1982.0,2283.0,566.0,0.038
Eritrea,Africa,2020,2084.0,2190.0,586.0,-0.040999999999999995
Eritrea,Africa,2021,2255.0,2238.0,623.0,0.022000000000000002
Estonia,Europe,1995,4476.0,10250.0,3081.0,0.046
Estonia,Europe,2005,14104.0,19814.0,10412.0,0.095
Estonia,Europe,2010,19535.0,19413.0,14671.0,0.024
Estonia,Europe,2015,22882.0,22882.0,17405.0,0.019
Estonia,Europe,2019,31082.0,26885.0,23422.0,0.037000000000000005
Estonia,Europe,2020,31370.0,26737.0,23597.0,-0.006
Estonia,Europe,2021,37191.0,28879.0,27991.0,0.08
Eswatini,Africa,1995,1902.0,2217.0,1994.0,0.048
Eswatini,Africa,2005,3178.0,2989.0,2965.0,0.06
Eswatini,Africa,2010,4439.0,3516.0,4036.0,0.038
Eswatini,Africa,2015,4059.0,4059.0,3579.0,0.022000000000000002
Eswatini,Africa,2019,4495.0,4398.0,3843.0,0.026000000000000002
Eswatini,Africa,2020,3973.0,4316.0,3365.0,-0.019
Eswatini,Africa,2021,4732.0,4657.0,3969.0,0.079
Ethiopia,Africa,1995,7587.0,13323.0,132.0,0.061
Ethiopia,Africa,2005,12164.0,22745.0,157.0,0.11800000000000001
Ethiopia,Africa,2010,26311.0,38120.0,295.0,0.126
Ethiopia,Africa,2015,63079.0,63079.0,616.0,0.10400000000000001
Ethiopia,Africa,2019,92562.0,86046.0,811.0,0.084
Ethiopia,Africa,2020,96611.0,91260.0,824.0,0.061
Ethiopia,Africa,2021,99269.0,96405.0,825.0,0.055999999999999994
Fiji,Oceania,1995,1970.0,2996.0,2487.0,0.025
Fiji,Oceania,2005,2981.0,3751.0,3407.0,0.006999999999999999
Fiji,Oceania,2010,3140.0,3883.0,3470.0,0.03
Fiji,Oceania,2015,4682.0,4682.0,5105.0,0.047
Fiji,Oceania,2019,5482.0,5208.0,5968.0,-0.006
Fiji,Oceania,2020,4477.0,4322.0,4864.0,-0.17
Fiji,Oceania,2021,4296.0,4101.0,4647.0,-0.051
Finland,Europe,1995,134186.0,152727.0,26270.0,0.042
Finland,Europe,2005,204804.0,223030.0,39040.0,0.027999999999999997
Finland,Europe,2010,249181.0,233553.0,46461.0,0.032
Finland,Europe,2015,234440.0,234440.0,42785.0,0.005
Finland,Europe,2019,268515.0,254642.0,48630.0,0.012
Finland,Europe,2020,271892.0,249027.0,49171.0,-0.022000000000000002
Finland,Europe,2021,297302.0,256431.0,53703.0,0.03
France,Europe,1995,1600997.0,1770422.0,27029.0,0.021
France,Europe,2005,2196071.0,2223897.0,35117.0,0.017
France,Europe,2010,2642610.0,2316636.0,40926.0,0.019
France,Europe,2015,2438208.0,2438208.0,36931.0,0.011000000000000001
France,Europe,2019,2728870.0,2615760.0,40915.0,0.018000000000000002
France,Europe,2020,2639009.0,2412134.0,39506.0,-0.078
France,Europe,2021,2957880.0,2576559.0,44229.0,0.068
French Polynesia,Oceania,1995,4421.0,4370.0,19100.0,0.005
French Polynesia,Oceania,2005,5703.0,5619.0,21039.0,0.013999999999999999
French Polynesia,Oceania,2010,6081.0,5386.0,21427.0,-0.025
French Polynesia,Oceania,2015,5324.0,5324.0,18245.0,0.018000000000000002
French Polynesia,Oceania,2019,6001.0,5951.0,20023.0,0.03
French Polynesia,Oceania,2020,5709.0,5536.0,18910.0,-0.07
French Polynesia,Oceania,2021,6055.0,5670.0,19915.0,0.024
Gabon,Africa,1995,5519.0,10024.0,4919.0,0.05
Gabon,Africa,2005,9579.0,10471.0,6568.0,0.011000000000000001
Gabon,Africa,2010,14359.0,11139.0,8391.0,0.071
Gabon,Africa,2015,14372.0,14372.0,7085.0,0.039
Gabon,Africa,2019,16874.0,15449.0,7524.0,0.039
Gabon,Africa,2020,15317.0,15165.0,6681.0,-0.018000000000000002
Gabon,Africa,2021,18521.0,15393.0,7911.0,0.015
Gambia,Africa,1995,1306.0,770.0,1052.0,0.009000000000000001
Gambia,Africa,2005,1028.0,1098.0,619.0,-0.024
Gambia,Africa,2010,1543.0,1351.0,797.0,0.059000000000000004
Gambia,Africa,2015,1378.0,1378.0,612.0,0.040999999999999995
Gambia,Africa,2019,1814.0,1678.0,723.0,0.062
Gambia,Africa,2020,1812.0,1687.0,704.0,0.006
Gambia,Africa,2021,2038.0,1759.0,772.0,0.043
Georgia,Asia,1995,2844.0,4807.0,583.0,0.026000000000000002
Georgia,Asia,2005,6744.0,9089.0,1703.0,0.096
Georgia,Asia,2010,12243.0,11739.0,3191.0,0.062
Georgia,Asia,2015,14954.0,14954.0,3965.0,0.03
Georgia,Asia,2019,17477.0,17758.0,4635.0,0.05
Georgia,Asia,2020,15846.0,16557.0,4208.0,-0.068
Georgia,Asia,2021,18696.0,18272.0,4975.0,0.10400000000000001
Germany,Europe,1995,2585619.0,2582288.0,31873.0,0.015
Germany,Europe,2005,2845732.0,2910863.0,35041.0,0.006999999999999999
Germany,Europe,2010,3396354.0,3086730.0,41763.0,0.042
Germany,Europe,2015,3356236.0,3356236.0,40893.0,0.015
Germany,Europe,2019,3888226.0,3595200.0,46763.0,0.011000000000000001
Germany,Europe,2020,3889669.0,3462293.0,46678.0,-0.037000000000000005
Germany,Europe,2021,4259935.0,3553247.0,51073.0,0.026000000000000002
Ghana,Africa,1995,13714.0,16399.0,786.0,0.04
Ghana,Africa,2005,22765.0,26260.0,1012.0,0.062
Ghana,Africa,2010,42587.0,35375.0,1665.0,0.079
Ghana,Africa,2015,50034.0,50034.0,1733.0,0.021
Ghana,Africa,2019,68353.0,63259.0,2168.0,0.065
Ghana,Africa,2020,70043.0,63584.0,2177.0,0.005
Ghana,Africa,2021,79083.0,66990.0,2409.0,0.054000000000000006
Greece,Europe,1995,136886.0,168366.0,12760.0,0.02
Greece,Europe,2005,247777.0,243662.0,22295.0,0.006
Greece,Europe,2010,296835.0,239684.0,26902.0,-0.055
Greece,Europe,2015,195605.0,195605.0,18100.0,-0.002
Greece,Europe,2019,205257.0,203831.0,19411.0,0.019
Greece,Europe,2020,188926.0,185478.0,17972.0,-0.09
Greece,Europe,2021,214874.0,201122.0,20571.0,0.084
Greenland,North America,1995,1321.0,1545.0,23680.0,0.037000000000000005
Greenland,North America,2005,1850.0,2088.0,32517.0,0.05
Greenland,North America,2010,2503.0,2458.0,44421.0,0.017
Greenland,North America,2015,2499.0,2499.0,44711.0,-0.025
Greenland,North America,2019,2994.0,2694.0,53536.0,0.023
Greenland,North America,2020,3076.0,2703.0,54903.0,0.004
Greenland,North America,2021,3273.0,2732.0,58185.0,0.011000000000000001
Grenada,North America,1995,278.0,522.0,2674.0,0.021
Grenada,North America,2005,695.0,896.0,6307.0,0.133
Grenada,North America,2010,771.0,856.0,6761.0,-0.005
Grenada,North America,2015,997.0,997.0,8380.0,0.064
Grenada,North America,2019,1213.0,1135.0,9888.0,0.006999999999999999
Grenada,North America,2020,1043.0,979.0,8438.0,-0.138
Grenada,North America,2021,1115.0,1034.0,8950.0,0.055999999999999994
Guatemala,North America,1995,12858.0,30508.0,1241.0,0.05
Guatemala,North America,2005,26779.0,42984.0,2039.0,0.033
Guatemala,North America,2010,40682.0,51428.0,2797.0,0.028999999999999998
Guatemala,North America,2015,62186.0,62186.0,3886.0,0.040999999999999995
Guatemala,North America,2019,77170.0,70784.0,4511.0,0.04
Guatemala,North America,2020,77626.0,69535.0,4471.0,-0.018000000000000002
Guatemala,North America,2021,85986.0,75085.0,4883.0,0.08
Guinea,Africa,1995,5260.0,4225.0,704.0,0.047
Guinea,Africa,2005,4063.0,6113.0,445.0,0.03
Guinea,Africa,2010,6853.0,7025.0,667.0,0.048
Guinea,Africa,2015,8794.0,8794.0,756.0,0.038
Guinea,Africa,2019,13443.0,12075.0,1044.0,0.055999999999999994
Guinea,Africa,2020,14178.0,12669.0,1074.0,0.049
Guinea,Africa,2021,16036.0,13145.0,1185.0,0.038
Guinea-Bissau,Africa,1995,800.0,676.0,716.0,0.04
Guinea-Bissau,Africa,2005,587.0,756.0,425.0,0.043
Guinea-Bissau,Africa,2010,849.0,891.0,542.0,0.046
Guinea-Bissau,Africa,2015,1047.0,1047.0,586.0,0.061
Guinea-Bissau,Africa,2019,1365.0,1278.0,693.0,0.045
Guinea-Bissau,Africa,2020,1397.0,1297.0,693.0,0.015
Guinea-Bissau,Africa,2021,1563.0,1362.0,759.0,0.05
Guyana,South America,1995,991.0,1522.0,1319.0,0.05
Guyana,South America,2005,1978.0,2713.0,2604.0,0.064
Guyana,South America,2010,3433.0,3641.0,4590.0,0.040999999999999995
Guyana,South America,2015,4280.0,4280.0,5668.0,0.006999999999999999
Guyana,South America,2019,5174.0,5071.0,6477.0,0.054000000000000006
Guyana,South America,2020,5471.0,7276.0,6863.0,0.435
Guyana,South America,2021,8044.0,8735.0,9999.0,0.201
Haiti,North America,1995,3785.0,7339.0,496.0,0.147
Haiti,North America,2005,6980.0,10932.0,766.0,0.036000000000000004
Haiti,North America,2010,11812.0,12306.0,1200.0,-0.038
Haiti,North America,2015,14228.0,14228.0,1347.0,0.016
Haiti,North America,2019,14065.0,14909.0,1260.0,-0.017
Haiti,North America,2020,16548.0,14422.0,1464.0,-0.033
Haiti,North America,2021,19044.0,14157.0,1664.0,-0.018000000000000002
Honduras,North America,1995,4724.0,10138.0,813.0,0.040999999999999995
Honduras,North America,2005,9757.0,14776.0,1290.0,0.061
Honduras,North America,2010,15839.0,17639.0,1874.0,0.037000000000000005
Honduras,North America,2015,20980.0,20980.0,2257.0,0.038
Honduras,North America,2019,25090.0,24360.0,2519.0,0.027000000000000003
Honduras,North America,2020,23828.0,22177.0,2354.0,-0.09
Honduras,North America,2021,28489.0,24956.0,2772.0,0.125
Hungary,Europe,1995,46439.0,79281.0,4497.0,0.015
Hungary,Europe,2005,113211.0,113768.0,11238.0,0.043
Hungary,Europe,2010,132175.0,113077.0,13235.0,0.011000000000000001
Hungary,Europe,2015,125174.0,125174.0,12715.0,0.037000000000000005
Hungary,Europe,2019,163989.0,147375.0,16782.0,0.049
Hungary,Europe,2020,157182.0,140673.0,16120.0,-0.045
Hungary,Europe,2021,181848.0,150686.0,18728.0,0.071
Iceland,Europe,1995,7124.0,9144.0,26612.0,0.001
Iceland,Europe,2005,16853.0,14496.0,56738.0,0.061
Iceland,Europe,2010,13751.0,15328.0,43197.0,-0.027999999999999997
Iceland,Europe,2015,17517.0,17517.0,52912.0,0.044000000000000004
Iceland,Europe,2019,24826.0,20843.0,68813.0,0.024
Iceland,Europe,2020,21695.0,19417.0,59167.0,-0.068
Iceland,Europe,2021,25602.0,20272.0,69133.0,0.044000000000000004
India,Asia,1995,371783.0,608291.0,386.0,0.076
India,Asia,2005,823612.0,1116782.0,713.0,0.079
India,Asia,2010,1669620.0,1567418.0,1346.0,0.085
India,Asia,2015,2146759.0,2146759.0,1623.0,0.08
India,Asia,2019,2850733.0,2740866.0,2061.0,0.037000000000000005
India,Asia,2020,2672204.0,2560076.0,1914.0,-0.066
India,Asia,2021,3201471.0,2782322.0,2274.0,0.087
Indonesia,Asia,1995,236456.0,380896.0,1188.0,0.08199999999999999
Indonesia,Asia,2005,304372.0,497632.0,1330.0,0.057
Indonesia,Asia,2010,755094.0,657835.0,3094.0,0.062
Indonesia,Asia,2015,860854.0,860854.0,3323.0,0.049
Indonesia,Asia,2019,1119100.0,1049330.0,4151.0,0.05
Indonesia,Asia,2020,1058689.0,1027662.0,3894.0,-0.021
Indonesia,Asia,2021,1186093.0,1065595.0,4333.0,0.037000000000000005
Iran,Asia,1995,114364.0,205321.0,1881.0,0.024
Iran,Asia,2005,228899.0,319309.0,3261.0,0.043
Iran,Asia,2010,523804.0,409922.0,6949.0,0.069
Iran,Asia,2015,417210.0,417210.0,5101.0,-0.013999999999999999
Iran,Asia,2019,519356.0,441995.0,6000.0,-0.031
Iran,Asia,2020,543654.0,456714.0,6228.0,0.033
Iran,Asia,2021,594892.0,478270.0,6766.0,0.047
Iraq,Asia,1995,4863.0,32111.0,232.0,-0.183
Iraq,Asia,2005,49955.0,94053.0,1741.0,0.017
Iraq,Asia,2010,138517.0,120516.0,4430.0,0.064
Iraq,Asia,2015,166774.0,166774.0,4417.0,0.047
Iraq,Asia,2019,233636.0,203582.0,5621.0,0.065
Iraq,Asia,2020,180924.0,177480.0,4251.0,-0.128
Iraq,Asia,2021,204004.0,182419.0,4686.0,0.027999999999999997
Ireland,Europe,1995,69142.0,102124.0,19316.0,0.10800000000000001
Ireland,Europe,2005,211793.0,207715.0,51391.0,0.057
Ireland,Europe,2010,221697.0,211683.0,48998.0,0.017
Ireland,Europe,2015,291658.0,291658.0,62510.0,0.244
Ireland,Europe,2019,399322.0,371107.0,81560.0,0.054000000000000006
Ireland,Europe,2020,425852.0,394058.0,86098.0,0.062
Ireland,Europe,2021,504183.0,447604.0,101109.0,0.136
Israel,Asia,1995,100605.0,139624.0,18363.0,0.055999999999999994
Israel,Asia,2005,142657.0,199653.0,21247.0,0.042
Israel,Asia,2010,234655.0,247803.0,32020.0,0.057
Israel,Asia,2015,300078.0,300078.0,37473.0,0.023
Israel,Asia,2019,397935.0,353062.0,46229.0,0.038
Israel,Asia,2020,407101.0,345460.0,46486.0,-0.022000000000000002
Israel,Asia,2021,481591.0,373746.0,54111.0,0.08199999999999999
Italy,Europe,1995,1174699.0,1662885.0,20650.0,0.028999999999999998
Italy,Europe,2005,1857478.0,1927161.0,31915.0,0.008
Italy,Europe,2010,2134018.0,1899562.0,35673.0,0.017
Italy,Europe,2015,1835899.0,1835899.0,30480.0,0.008
Italy,Europe,2019,2011302.0,1917386.0,33674.0,0.005
Italy,Europe,2020,1896755.0,1744056.0,31878.0,-0.09
Italy,Europe,2021,2107703.0,1861557.0,35579.0,0.067
Jamaica,North America,1995,6578.0,13067.0,2621.0,0.01
Jamaica,North America,2005,11244.0,14086.0,4200.0,0.009000000000000001
Jamaica,North America,2010,13221.0,13748.0,4836.0,-0.015
Jamaica,North America,2015,14198.0,14198.0,5081.0,0.009000000000000001
Jamaica,North America,2019,15831.0,14943.0,5626.0,0.009000000000000001
Jamaica,North America,2020,13812.0,13442.0,4897.0,-0.1
Jamaica,North America,2021,14658.0,14061.0,5184.0,0.046
Japan,Asia,1995,5545565.0,3785636.0,44211.0,0.026000000000000002
Japan,Asia,2005,4831467.0,4229101.0,37805.0,0.018000000000000002
Japan,Asia,2010,5759072.0,4218908.0,44956.0,0.040999999999999995
Japan,Asia,2015,4444931.0,4444931.0,34930.0,0.016
Japan,Asia,2019,5123318.0,4569054.0,40729.0,-0.002
Japan,Asia,2020,5040108.0,4363131.0,40242.0,-0.045
Japan,Asia,2021,4940878.0,4435431.0,39650.0,0.017
Jordan,Asia,1995,6942.0,15697.0,1557.0,0.062
Jordan,Asia,2005,12982.0,25033.0,2286.0,0.081
Jordan,Asia,2010,27134.0,33724.0,3915.0,0.023
Jordan,Asia,2015,38587.0,38587.0,4064.0,0.025
Jordan,Asia,2019,44503.0,41755.0,4160.0,0.02
Jordan,Asia,2020,43697.0,41108.0,3998.0,-0.016
Jordan,Asia,2021,45244.0,42016.0,4058.0,0.022000000000000002
Kazakhstan,Asia,1995,20554.0,57792.0,1251.0,-0.08199999999999999
Kazakhstan,Asia,2005,57124.0,107064.0,3649.0,0.09699999999999999
Kazakhstan,Asia,2010,148047.0,144702.0,8904.0,0.073
Kazakhstan,Asia,2015,184388.0,184388.0,10338.0,0.012
Kazakhstan,Asia,2019,181667.0,216716.0,9687.0,0.045
Kazakhstan,Asia,2020,171082.0,211294.0,9014.0,-0.025
Kazakhstan,Asia,2021,193018.0,219873.0,10055.0,0.040999999999999995
Kenya,Africa,1995,14710.0,31539.0,547.0,0.044000000000000004
Kenya,Africa,2005,23559.0,42038.0,657.0,0.059000000000000004
Kenya,Africa,2010,45406.0,55768.0,1094.0,0.081
Kenya,Africa,2015,70121.0,70121.0,1497.0,0.05
Kenya,Africa,2019,100378.0,84294.0,1970.0,0.052000000000000005
Kenya,Africa,2020,100667.0,84083.0,1936.0,-0.003
Kenya,Africa,2021,110347.0,90404.0,2082.0,0.075
Kiribati,Oceania,1995,70.0,126.0,854.0,-0.005
Kiribati,Oceania,2005,112.0,141.0,1142.0,0.05
Kiribati,Oceania,2010,155.0,141.0,1438.0,-0.011000000000000001
Kiribati,Oceania,2015,170.0,170.0,1459.0,0.099
Kiribati,Oceania,2019,175.0,174.0,1412.0,-0.021
Kiribati,Oceania,2020,178.0,172.0,1405.0,-0.013999999999999999
Kiribati,Oceania,2021,227.0,185.0,1765.0,0.079
Kosovo,Europe,1995,5304.0,3887.0,2477.0,0.081
Kosovo,Europe,2005,3595.0,4089.0,1970.0,0.015
Kosovo,Europe,2010,5339.0,5047.0,2978.0,0.049
Kosovo,Europe,2015,6293.0,6293.0,3578.0,0.059000000000000004
Kosovo,Europe,2019,7899.0,7544.0,4683.0,0.048
Kosovo,Europe,2020,7734.0,7142.0,4630.0,-0.053
Kosovo,Europe,2021,9412.0,7909.0,5663.0,0.107
Kuwait,Asia,1995,26554.0,54453.0,16043.0,0.013999999999999999
Kuwait,Asia,2005,80798.0,90480.0,36145.0,0.106
Kuwait,Asia,2010,115416.0,95861.0,39212.0,-0.024
Kuwait,Asia,2015,114585.0,114585.0,29315.0,0.006
Kuwait,Asia,2019,136192.0,114481.0,30666.0,-0.006
Kuwait,Asia,2020,105949.0,104343.0,24298.0,-0.08900000000000001
Kuwait,Asia,2021,136642.0,105708.0,32150.0,0.013000000000000001
Kyrgyzstan,Asia,1995,1492.0,2678.0,325.0,-0.054000000000000006
Kyrgyzstan,Asia,2005,2460.0,4237.0,474.0,-0.002
Kyrgyzstan,Asia,2010,4794.0,5263.0,874.0,-0.005
Kyrgyzstan,Asia,2015,6678.0,6678.0,1129.0,0.039
Kyrgyzstan,Asia,2019,8871.0,7921.0,1403.0,0.046
Kyrgyzstan,Asia,2020,7781.0,7255.0,1211.0,-0.084
Kyrgyzstan,Asia,2021,8741.0,7703.0,1339.0,0.062
Latvia,Europe,1995,5408.0,12345.0,2104.0,0.002
Latvia,Europe,2005,17003.0,23557.0,7614.0,0.107
Latvia,Europe,2010,23964.0,22985.0,11403.0,-0.045
Latvia,Europe,2015,27252.0,27252.0,13681.0,0.039
Latvia,Europe,2019,34344.0,30742.0,17920.0,0.026000000000000002
Latvia,Europe,2020,34602.0,30065.0,18240.0,-0.022000000000000002
Latvia,Europe,2021,39854.0,31288.0,21267.0,0.040999999999999995
Lebanon,Asia,1995,11506.0,24111.0,2906.0,0.065
Lebanon,Asia,2005,21497.0,31330.0,4630.0,0.027000000000000003
Lebanon,Asia,2010,38444.0,45147.0,7695.0,0.08
Lebanon,Asia,2015,49929.0,49929.0,7803.0,0.005
Lebanon,Asia,2019,52022.0,46728.0,8997.0,-0.069
Lebanon,Asia,2020,39047.0,34622.0,6895.0,-0.259
Lebanon,Asia,2021,37945.0,32198.0,6785.0,-0.07
Lesotho,Africa,1995,893.0,1079.0,462.0,0.046
Lesotho,Africa,2005,1459.0,1522.0,738.0,0.027000000000000003
Lesotho,Africa,2010,2234.0,1987.0,1105.0,0.053
Lesotho,Africa,2015,2360.0,2360.0,1114.0,0.031
Lesotho,Africa,2019,2435.0,2315.0,1094.0,-0.008
Lesotho,Africa,2020,2116.0,2185.0,939.0,-0.055999999999999994
Lesotho,Africa,2021,2373.0,2219.0,1040.0,0.016
Liberia,Africa,1995,209.0,248.0,97.0,-0.043
Liberia,Africa,2005,706.0,944.0,216.0,0.053
Liberia,Africa,2010,1292.0,1843.0,321.0,0.073
Liberia,Africa,2015,2669.0,2669.0,579.0,0.09300000000000001
Liberia,Africa,2019,2582.0,2693.0,518.0,-0.023
Liberia,Africa,2020,2481.0,2615.0,488.0,-0.028999999999999998
Liberia,Africa,2021,2445.0,2605.0,471.0,-0.004
Libya,Africa,1995,28292.0,49855.0,5978.0,-0.022000000000000002
Libya,Africa,2005,48853.0,73951.0,8368.0,0.12300000000000001
Libya,Africa,2010,75381.0,83913.0,11611.0,0.05
Libya,Africa,2015,48718.0,48718.0,7868.0,-0.008
Libya,Africa,2019,69254.0,60950.0,10542.0,-0.11199999999999999
Libya,Africa,2020,46842.0,42984.0,7040.0,-0.295
Libya,Africa,2021,39006.0,55145.0,5791.0,0.28300000000000003
Liechtenstein,Europe,1995,2695.0,3677.0,87253.0,0.019
Liechtenstein,Europe,2005,4046.0,5370.0,116930.0,0.048
Liechtenstein,Europe,2010,5621.0,5980.0,156462.0,0.07400000000000001
Liechtenstein,Europe,2015,6269.0,6269.0,167809.0,0.0
Liechtenstein,Europe,2019,6427.0,6545.0,167013.0,-0.027999999999999997
Liechtenstein,Europe,2020,6115.0,5926.0,157782.0,-0.095
Liechtenstein,Europe,2021,6608.0,6197.0,169260.0,0.046
Lithuania,Europe,1995,6699.0,17906.0,1788.0,0.033
Lithuania,Europe,2005,26113.0,32436.0,7741.0,0.077
Lithuania,Europe,2010,37138.0,34388.0,11831.0,0.017
Lithuania,Europe,2015,41419.0,41419.0,13975.0,0.02
Lithuania,Europe,2019,54752.0,48179.0,19217.0,0.046
Lithuania,Europe,2020,56847.0,48168.0,20156.0,0.0
Lithuania,Europe,2021,66445.0,51049.0,23844.0,0.06
Luxembourg,Europe,1995,20853.0,30592.0,51157.0,0.013999999999999999
Luxembourg,Europe,2005,37657.0,47065.0,81008.0,0.025
Luxembourg,Europe,2010,56159.0,53991.0,110752.0,0.038
Luxembourg,Europe,2015,60047.0,60047.0,105456.0,0.023
Luxembourg,Europe,2019,69826.0,66145.0,112627.0,0.023
Luxembourg,Europe,2020,73993.0,65618.0,117374.0,-0.008
Luxembourg,Europe,2021,85506.0,68966.0,133745.0,0.051
Madagascar,Africa,1995,3668.0,6387.0,264.0,0.017
Madagascar,Africa,2005,5849.0,8628.0,311.0,0.046
Madagascar,Africa,2010,9983.0,9925.0,459.0,0.006
Madagascar,Africa,2015,11323.0,11323.0,456.0,0.031
Madagascar,Africa,2019,14105.0,13186.0,512.0,0.044000000000000004
Madagascar,Africa,2020,13056.0,12245.0,463.0,-0.071
Madagascar,Africa,2021,14450.0,12948.0,500.0,0.057
Malawi,Africa,1995,2474.0,2779.0,245.0,0.09
Malawi,Africa,2005,3656.0,3702.0,287.0,0.033
Malawi,Africa,2010,6960.0,5294.0,473.0,0.069
Malawi,Africa,2015,8216.0,8216.0,485.0,0.085
Malawi,Africa,2019,11032.0,10784.0,585.0,0.055999999999999994
Malawi,Africa,2020,11762.0,10881.0,607.0,0.009000000000000001
Malawi,Africa,2021,12199.0,11181.0,613.0,0.027999999999999997
Malaysia,Asia,1995,88833.0,117335.0,4411.0,0.098
Malaysia,Asia,2005,143534.0,186898.0,5537.0,0.053
Malaysia,Asia,2010,255018.0,232654.0,8880.0,0.07400000000000001
Malaysia,Asia,2015,301355.0,301355.0,9700.0,0.051
Malaysia,Asia,2019,365279.0,364693.0,11135.0,0.044000000000000004
Malaysia,Asia,2020,337008.0,344099.0,10151.0,-0.055999999999999994
Malaysia,Asia,2021,372702.0,354878.0,11101.0,0.031
Maldives,Asia,1995,566.0,1408.0,2193.0,0.071
Maldives,Asia,2005,1163.0,2106.0,3789.0,-0.131
Maldives,Asia,2010,2588.0,3117.0,7158.0,0.073
Maldives,Asia,2015,4109.0,4109.0,9434.0,0.028999999999999998
Maldives,Asia,2019,5609.0,5425.0,11119.0,0.071
Maldives,Asia,2020,3746.0,3608.0,7282.0,-0.335
Maldives,Asia,2021,5406.0,5114.0,10366.0,0.41700000000000004
Mali,Africa,1995,2837.0,2175.0,286.0,0.37200000000000005
Mali,Africa,2005,6245.0,5328.0,474.0,0.10400000000000001
Mali,Africa,2010,10679.0,8812.0,688.0,0.109
Mali,Africa,2015,13095.0,13095.0,723.0,0.075
Mali,Africa,2019,17280.0,17272.0,840.0,0.063
Mali,Africa,2020,17465.0,17388.0,823.0,0.006999999999999999
Mali,Africa,2021,19157.0,18030.0,875.0,0.037000000000000005
Malta,Europe,1995,3720.0,5220.0,9743.0,0.063
Malta,Europe,2005,6406.0,7320.0,15615.0,0.034
Malta,Europe,2010,9027.0,8518.0,21557.0,0.055
Malta,Europe,2015,11087.0,11087.0,24283.0,0.096
Malta,Europe,2019,15872.0,14433.0,31514.0,0.07
Malta,Europe,2020,15036.0,13188.0,29176.0,-0.086
Malta,Europe,2021,17721.0,14736.0,33642.0,0.11699999999999999
Marshall Islands,Oceania,1995,125.0,179.0,2467.0,0.09
Marshall Islands,Oceania,2005,137.0,170.0,2513.0,0.023
Marshall Islands,Oceania,2010,160.0,181.0,3004.0,0.064
Marshall Islands,Oceania,2015,184.0,184.0,3729.0,0.017
Marshall Islands,Oceania,2019,240.0,212.0,5358.0,0.066
Marshall Islands,Oceania,2020,244.0,208.0,5631.0,-0.022000000000000002
Marshall Islands,Oceania,2021,257.0,212.0,6111.0,0.021
Mauritania,Africa,1995,2371.0,3139.0,996.0,-0.024
Mauritania,Africa,2005,2937.0,4169.0,975.0,0.086
Mauritania,Africa,2010,5629.0,4951.0,1646.0,0.026000000000000002
Mauritania,Africa,2015,6167.0,6167.0,1563.0,0.054000000000000006
Mauritania,Africa,2019,8066.0,7321.0,1840.0,0.053
Mauritania,Africa,2020,8405.0,7252.0,1868.0,-0.009000000000000001
Mauritania,Africa,2021,9996.0,7430.0,2166.0,0.024
Mauritius,Africa,1995,4273.0,5070.0,3683.0,0.044000000000000004
Mauritius,Africa,2005,6775.0,7845.0,5386.0,0.018000000000000002
Mauritius,Africa,2010,10004.0,9885.0,7795.0,0.044000000000000004
Mauritius,Africa,2015,12007.0,12007.0,9285.0,0.037000000000000005
Mauritius,Africa,2019,14433.0,13857.0,11134.0,0.027999999999999997
Mauritius,Africa,2020,11398.0,11834.0,8783.0,-0.146
Mauritius,Africa,2021,11525.0,12254.0,8873.0,0.036000000000000004
Mexico,North America,1995,360073.0,677459.0,4002.0,-0.063
Mexico,North America,2005,877477.0,941100.0,8322.0,0.023
Mexico,North America,2010,1057801.0,1012984.0,9400.0,0.051
Mexico,North America,2015,1171870.0,1171870.0,9753.0,0.033
Mexico,North America,2019,1269010.0,1252570.0,10145.0,-0.002
Mexico,North America,2020,1090515.0,1152516.0,8655.0,-0.08
Mexico,North America,2021,1272839.0,1206921.0,10046.0,0.047
Micronesia,Oceania,1995,222.0,313.0,2011.0,0.042
Micronesia,Oceania,2005,251.0,321.0,2259.0,0.021
Micronesia,Oceania,2010,297.0,317.0,2760.0,0.023
Micronesia,Oceania,2015,316.0,316.0,2891.0,0.046
Micronesia,Oceania,2019,412.0,332.0,3703.0,0.012
Micronesia,Oceania,2020,408.0,327.0,3635.0,-0.018000000000000002
Micronesia,Oceania,2021,404.0,316.0,3573.0,-0.032
Monaco,Europe,1995,3064.0,3415.0,97328.0,0.021
Monaco,Europe,2005,4203.0,4290.0,130767.0,0.017
Monaco,Europe,2010,5362.0,4699.0,161624.0,0.021
Monaco,Europe,2015,6259.0,6259.0,170270.0,0.049
Monaco,Europe,2019,7384.0,7075.0,199384.0,0.069
Monaco,Europe,2020,6740.0,6158.0,182537.0,-0.13
Monaco,Europe,2021,8596.0,7485.0,234317.0,0.21600000000000003
Mongolia,Asia,1995,1721.0,3373.0,739.0,0.064
Mongolia,Asia,2005,2926.0,5284.0,1143.0,0.073
Mongolia,Asia,2010,7189.0,7232.0,2660.0,0.064
Mongolia,Asia,2015,11620.0,11620.0,3919.0,0.013000000000000001
Mongolia,Asia,2019,14206.0,14175.0,4395.0,0.055999999999999994
Mongolia,Asia,2020,13313.0,13529.0,4041.0,-0.046
Mongolia,Asia,2021,15098.0,13721.0,4510.0,0.013999999999999999
Montenegro,Europe,1995,1215.0,1794.0,1922.0,0.14300000000000002
Montenegro,Europe,2005,2279.0,3078.0,3601.0,0.042
Montenegro,Europe,2010,4139.0,3704.0,6559.0,0.027000000000000003
Montenegro,Europe,2015,4053.0,4053.0,6393.0,0.034
Montenegro,Europe,2019,5542.0,4778.0,8792.0,0.040999999999999995
Montenegro,Europe,2020,4781.0,4047.0,7600.0,-0.153
Montenegro,Europe,2021,5809.0,4574.0,9252.0,0.13
Montserrat,North America,1995,69.0,120.0,8253.0,-0.08800000000000001
Montserrat,North America,2005,49.0,57.0,10414.0,0.031
Montserrat,North America,2010,56.0,56.0,11242.0,-0.069
Montserrat,North America,2015,61.0,61.0,12133.0,0.012
Montserrat,North America,2019,65.0,75.0,14507.0,0.07400000000000001
Montserrat,North America,2020,68.0,72.0,15067.0,-0.04
Montserrat,North America,2021,72.0,76.0,16199.0,0.055
Morocco,Africa,1995,38728.0,40338.0,1456.0,-0.066
Morocco,Africa,2005,62545.0,62054.0,2055.0,0.03
Morocco,Africa,2010,96428.0,85253.0,2970.0,0.051
Morocco,Africa,2015,110414.0,110414.0,3184.0,0.043
Morocco,Africa,2019,128920.0,105155.0,3551.0,-0.021
Morocco,Africa,2020,121348.0,92120.0,3307.0,-0.124
Morocco,Africa,2021,142867.0,93707.0,3853.0,0.017
Mozambique,Africa,1995,2900.0,3394.0,186.0,0.023
Mozambique,Africa,2005,8542.0,7864.0,423.0,0.066
Mozambique,Africa,2010,11105.0,11292.0,481.0,0.065
Mozambique,Africa,2015,15951.0,15951.0,594.0,0.067
Mozambique,Africa,2019,15390.0,18184.0,508.0,0.023
Mozambique,Africa,2020,14157.0,17966.0,454.0,-0.012
Mozambique,Africa,2021,15777.0,18384.0,492.0,0.023
Myanmar,Asia,1995,9582.0,9720.0,223.0,0.067
Myanmar,Asia,2005,14148.0,27369.0,296.0,0.133
Myanmar,Asia,2010,44847.0,44901.0,908.0,0.078
Myanmar,Asia,2015,63835.0,63835.0,1240.0,0.064
Myanmar,Asia,2019,74276.0,79108.0,1400.0,0.032
Myanmar,Asia,2020,78318.0,74454.0,1466.0,-0.059000000000000004
Myanmar,Asia,2021,58582.0,61099.0,1089.0,-0.179
Namibia,Africa,1995,3942.0,4719.0,2456.0,0.039
Namibia,Africa,2005,7121.0,7134.0,3628.0,0.025
Namibia,Africa,2010,11282.0,8788.0,5374.0,0.06
Namibia,Africa,2015,11335.0,11335.0,4966.0,0.043
Namibia,Africa,2019,12543.0,11237.0,5127.0,-0.009000000000000001
Namibia,Africa,2020,10563.0,10353.0,4244.0,-0.079
Namibia,Africa,2021,12236.0,10605.0,4836.0,0.024
Nauru,Oceania,1995,35.0,66.0,3379.0,-0.079
Nauru,Oceania,2005,26.0,29.0,2548.0,-0.121
Nauru,Oceania,2010,59.0,42.0,5788.0,0.136
Nauru,Oceania,2015,104.0,104.0,9330.0,0.365
Nauru,Oceania,2019,133.0,110.0,10977.0,0.057
Nauru,Oceania,2020,136.0,111.0,11015.0,0.01
Nauru,Oceania,2021,155.0,112.0,12390.0,0.006999999999999999
Nepal,Asia,1995,4534.0,8969.0,203.0,0.035
Nepal,Asia,2005,8713.0,14260.0,331.0,0.049
Nepal,Asia,2010,18365.0,18947.0,676.0,0.062
Nepal,Asia,2015,23667.0,23667.0,857.0,0.04
Nepal,Asia,2019,34268.0,29734.0,1189.0,0.067
Nepal,Asia,2020,32859.0,29029.0,1120.0,-0.024
Nepal,Asia,2021,36207.0,30262.0,1206.0,0.042
Netherlands,Europe,1995,452287.0,520709.0,29281.0,0.031
Netherlands,Europe,2005,685076.0,688450.0,42128.0,0.021
Netherlands,Europe,2010,846555.0,737269.0,50945.0,0.013000000000000001
Netherlands,Europe,2015,765265.0,765265.0,44907.0,0.02
Netherlands,Europe,2019,910194.0,839913.0,52421.0,0.02
Netherlands,Europe,2020,909793.0,807273.0,52183.0,-0.039
Netherlands,Europe,2021,1012847.0,846532.0,57871.0,0.049
New Caledonia,Oceania,1995,3628.0,5175.0,18169.0,0.059000000000000004
New Caledonia,Oceania,2005,6236.0,6478.0,25754.0,0.036000000000000004
New Caledonia,Oceania,2010,9355.0,7857.0,35785.0,0.069
New Caledonia,Oceania,2015,8735.0,8735.0,30861.0,0.008
New Caledonia,Oceania,2019,9476.0,8768.0,33204.0,-0.013999999999999999
New Caledonia,Oceania,2020,9455.0,8557.0,33012.0,-0.024
New Caledonia,Oceania,2021,10071.0,8378.0,34994.0,-0.021
New Zealand,Oceania,1995,63152.0,100939.0,17189.0,0.046
New Zealand,Oceania,2005,114722.0,142202.0,27759.0,0.033
New Zealand,Oceania,2010,146518.0,153236.0,33711.0,0.009000000000000001
New Zealand,Oceania,2015,178064.0,178064.0,38789.0,0.042
New Zealand,Oceania,2019,213435.0,205665.0,43040.0,0.026000000000000002
New Zealand,Oceania,2020,212214.0,205028.0,41930.0,-0.003
New Zealand,Oceania,2021,250451.0,212643.0,48824.0,0.037000000000000005
Nicaragua,North America,1995,4118.0,5733.0,872.0,0.059000000000000004
Nicaragua,North America,2005,6300.0,8555.0,1155.0,0.043
Nicaragua,North America,2010,8759.0,9779.0,1496.0,0.044000000000000004
Nicaragua,North America,2015,12757.0,12757.0,2025.0,0.048
Nicaragua,North America,2019,12597.0,12977.0,1890.0,-0.038
Nicaragua,North America,2020,12587.0,12745.0,1863.0,-0.018000000000000002
Nicaragua,North America,2021,14013.0,14064.0,2046.0,0.10300000000000001
Niger,Africa,1995,2432.0,3881.0,248.0,0.033
Niger,Africa,2005,4586.0,5668.0,331.0,0.07400000000000001
Niger,Africa,2010,7631.0,7038.0,458.0,0.087
Niger,Africa,2015,9677.0,9677.0,481.0,0.048
Niger,Africa,2019,12916.0,12203.0,551.0,0.059000000000000004
Niger,Africa,2020,13744.0,12636.0,565.0,0.036000000000000004
Niger,Africa,2021,14915.0,12811.0,591.0,0.013999999999999999
Nigeria,Africa,1995,50504.0,155089.0,467.0,-0.001
Nigeria,Africa,2005,176134.0,274839.0,1254.0,0.064
Nigeria,Africa,2010,363360.0,387074.0,2258.0,0.08
Nigeria,Africa,2015,494583.0,494583.0,2688.0,0.027000000000000003
Nigeria,Africa,2019,474517.0,510979.0,2334.0,0.022000000000000002
Nigeria,Africa,2020,429899.0,501811.0,2064.0,-0.018000000000000002
Nigeria,Africa,2021,430923.0,520113.0,2019.0,0.036000000000000004
North Macedonia,Europe,1995,4707.0,5748.0,2373.0,-0.011000000000000001
North Macedonia,Europe,2005,6259.0,7335.0,3011.0,0.047
North Macedonia,Europe,2010,9407.0,8919.0,4493.0,0.034
North Macedonia,Europe,2015,10065.0,10065.0,4775.0,0.039
North Macedonia,Europe,2019,12606.0,11185.0,5963.0,0.039
North Macedonia,Europe,2020,12114.0,10502.0,5739.0,-0.061
North Macedonia,Europe,2021,13881.0,10918.0,6600.0,0.04
Norway,Europe,1995,152031.0,253494.0,34875.0,0.042
Norway,Europe,2005,308884.0,337670.0,66805.0,0.026000000000000002
Norway,Europe,2010,428757.0,354112.0,87685.0,0.006999999999999999
Norway,Europe,2015,385802.0,385802.0,74330.0,0.02
Norway,Europe,2019,404941.0,406468.0,75714.0,0.006999999999999999
Norway,Europe,2020,362198.0,403553.0,67325.0,-0.006999999999999999
Norway,Europe,2021,482175.0,419215.0,89242.0,0.039
Oman,Asia,1995,14416.0,35587.0,6635.0,0.077
Oman,Asia,2005,35507.0,48284.0,14117.0,0.027999999999999997
Oman,Asia,2010,64994.0,62776.0,22552.0,0.025
Oman,Asia,2015,78711.0,78711.0,18777.0,0.05
Oman,Asia,2019,88061.0,83053.0,19132.0,-0.011000000000000001
Oman,Asia,2020,75909.0,80247.0,16708.0,-0.034
Oman,Asia,2021,88192.0,82728.0,19509.0,0.031
Pakistan,Asia,1995,77266.0,123848.0,580.0,0.05
Pakistan,Asia,2005,117708.0,185487.0,675.0,0.077
Pakistan,Asia,2010,182960.0,230017.0,941.0,0.027999999999999997
Pakistan,Asia,2015,297019.0,297019.0,1408.0,0.06
Pakistan,Asia,2019,291919.0,360379.0,1307.0,0.025
Pakistan,Asia,2020,293752.0,355787.0,1293.0,-0.013000000000000001
Pakistan,Asia,2021,342501.0,378868.0,1480.0,0.065
Palau,Oceania,1995,110.0,225.0,6415.0,0.166
Palau,Oceania,2005,185.0,262.0,9316.0,0.021
Palau,Oceania,2010,183.0,235.0,9883.0,0.004
Palau,Oceania,2015,280.0,280.0,15760.0,0.08800000000000001
Palau,Oceania,2019,279.0,274.0,15568.0,0.004
Palau,Oceania,2020,252.0,249.0,14014.0,-0.091
Palau,Oceania,2021,218.0,216.0,12084.0,-0.133
Panama,North America,1995,9188.0,16806.0,3383.0,0.018000000000000002
Panama,North America,2005,15714.0,26026.0,4753.0,0.07200000000000001
Panama,North America,2010,29440.0,37273.0,8125.0,0.057999999999999996
Panama,North America,2015,54092.0,54092.0,13670.0,0.057
Panama,North America,2019,66984.0,64007.0,15826.0,0.03
Panama,North America,2020,53977.0,52521.0,12569.0,-0.179
Panama,North America,2021,63605.0,60575.0,14618.0,0.153
Papua New Guinea,Oceania,1995,7316.0,10937.0,1585.0,-0.033
Papua New Guinea,Oceania,2005,7355.0,12634.0,1132.0,0.039
Papua New Guinea,Oceania,2010,14251.0,16340.0,1879.0,0.10099999999999999
Papua New Guinea,Oceania,2015,21723.0,21723.0,2502.0,0.066
Papua New Guinea,Oceania,2019,24751.0,24720.0,2594.0,0.045
Papua New Guinea,Oceania,2020,23848.0,23937.0,2446.0,-0.032
Papua New Guinea,Oceania,2021,26595.0,24204.0,2673.0,0.011000000000000001
Paraguay,South America,1995,10440.0,17720.0,2268.0,0.054000000000000006
Paraguay,South America,2005,11306.0,22845.0,2064.0,0.021
Paraguay,South America,2010,27261.0,29786.0,4726.0,0.111
Paraguay,South America,2015,36211.0,36211.0,5861.0,0.03
Paraguay,South America,2019,37925.0,40677.0,5808.0,-0.004
Paraguay,South America,2020,35432.0,40344.0,5353.0,-0.008
Paraguay,South America,2021,40458.0,42363.0,6035.0,0.05
Peru,South America,1995,53371.0,76918.0,2183.0,0.07400000000000001
Peru,South America,2005,76080.0,107772.0,2703.0,0.063
Peru,South America,2010,147528.0,150299.0,5047.0,0.083
Peru,South America,2015,189803.0,189803.0,6180.0,0.033
Peru,South America,2019,228326.0,215018.0,6956.0,0.022000000000000002
Peru,South America,2020,201703.0,191467.0,6056.0,-0.11
Peru,South America,2021,223252.0,217027.0,6622.0,0.133
Philippines,Asia,1995,84644.0,119492.0,1222.0,0.046
Philippines,Asia,2005,107420.0,179366.0,1245.0,0.049
Philippines,Asia,2010,208369.0,228622.0,2202.0,0.073
Philippines,Asia,2015,306446.0,306446.0,2974.0,0.063
Philippines,Asia,2019,376823.0,396224.0,3414.0,0.061
Philippines,Asia,2020,361751.0,358511.0,3224.0,-0.095
Philippines,Asia,2021,394086.0,378957.0,3461.0,0.057
Poland,Europe,1995,142294.0,217230.0,3705.0,0.07
Poland,Europe,2005,306146.0,326494.0,7936.0,0.035
Poland,Europe,2010,475697.0,409175.0,12325.0,0.028999999999999998
Poland,Europe,2015,477111.0,477111.0,12375.0,0.044000000000000004
Poland,Europe,2019,596058.0,571503.0,15485.0,0.045
Poland,Europe,2020,599443.0,559958.0,15599.0,-0.02
Poland,Europe,2021,679442.0,598303.0,17736.0,0.068
Portugal,Europe,1995,118120.0,158239.0,11752.0,0.043
Portugal,Europe,2005,197175.0,201835.0,18737.0,0.008
Portugal,Europe,2010,237881.0,207893.0,22466.0,0.017
Portugal,Europe,2015,199314.0,199314.0,19229.0,0.018000000000000002
Portugal,Europe,2019,239987.0,222273.0,23323.0,0.027000000000000003
Portugal,Europe,2020,229032.0,203823.0,22240.0,-0.083
Portugal,Europe,2021,253663.0,214998.0,24651.0,0.055
Puerto Rico,North America,1995,43246.0,85278.0,11673.0,0.045
Puerto Rico,North America,2005,83915.0,113935.0,22051.0,-0.02
Puerto Rico,North America,2010,98381.0,106406.0,26461.0,-0.004
Puerto Rico,North America,2015,103376.0,103376.0,29558.0,-0.01
Puerto Rico,North America,2019,105126.0,96390.0,31925.0,0.017
Puerto Rico,North America,2020,103020.0,92193.0,31490.0,-0.044000000000000004
Puerto Rico,North America,2021,106526.0,92385.0,32716.0,0.002
Qatar,Asia,1995,8138.0,20365.0,15798.0,0.024
Qatar,Asia,2005,44530.0,51250.0,52468.0,0.075
Qatar,Asia,2010,125122.0,117318.0,73021.0,0.16699999999999998
Qatar,Asia,2015,161740.0,161740.0,66985.0,0.048
Qatar,Asia,2019,176371.0,167371.0,62827.0,0.006999999999999999
Qatar,Asia,2020,144411.0,161417.0,52316.0,-0.036000000000000004
Qatar,Asia,2021,179571.0,163876.0,66799.0,0.015
South Korea,Asia,1995,566581.0,604638.0,12482.0,0.096
South Korea,Asia,2005,934901.0,1021193.0,19522.0,0.043
South Korea,Asia,2010,1144067.0,1261202.0,23438.0,0.068
South Korea,Asia,2015,1465773.0,1465773.0,28744.0,0.027999999999999997
South Korea,Asia,2019,1651223.0,1637850.0,31875.0,0.022000000000000002
South Korea,Asia,2020,1644313.0,1626231.0,31716.0,-0.006999999999999999
South Korea,Asia,2021,1810966.0,1693643.0,34940.0,0.040999999999999995
Republic of Moldova,Europe,1995,2121.0,4432.0,475.0,-0.013999999999999999
Republic of Moldova,Europe,2005,3587.0,5507.0,896.0,0.075
Republic of Moldova,Europe,2010,6975.0,6452.0,1896.0,0.071
Republic of Moldova,Europe,2015,7745.0,7745.0,2363.0,-0.003
Republic of Moldova,Europe,2019,11971.0,9155.0,3850.0,0.037000000000000005
Republic of Moldova,Europe,2020,11860.0,8480.0,3845.0,-0.07400000000000001
Republic of Moldova,Europe,2021,13680.0,9662.0,4468.0,0.139
Romania,Europe,1995,37430.0,103671.0,1661.0,0.076
Romania,Europe,2005,98454.0,134852.0,4668.0,0.047
Romania,Europe,2010,170029.0,155041.0,8361.0,-0.039
Romania,Europe,2015,177884.0,177884.0,8936.0,0.032
Romania,Europe,2019,251018.0,217987.0,12857.0,0.039
Romania,Europe,2020,251363.0,209970.0,12929.0,-0.037000000000000005
Romania,Europe,2021,284086.0,220679.0,14698.0,0.051
Russian Federation,Europe,1995,402295.0,723170.0,2708.0,-0.040999999999999995
Russian Federation,Europe,2005,771495.0,1054187.0,5365.0,0.064
Russian Federation,Europe,2010,1539845.0,1254602.0,10750.0,0.045
Russian Federation,Europe,2015,1363482.0,1363482.0,9425.0,-0.02
Russian Federation,Europe,2019,1693115.0,1461552.0,11617.0,0.022000000000000002
Russian Federation,Europe,2020,1489362.0,1422620.0,10228.0,-0.027000000000000003
Russian Federation,Europe,2021,1778782.0,1490187.0,12259.0,0.047
Rwanda,Africa,1995,1230.0,1392.0,216.0,0.335
Rwanda,Africa,2005,2933.0,4030.0,325.0,0.094
Rwanda,Africa,2010,6120.0,6006.0,594.0,0.073
Rwanda,Africa,2015,8526.0,8526.0,732.0,0.08900000000000001
Rwanda,Africa,2019,10356.0,11166.0,807.0,0.095
Rwanda,Africa,2020,10185.0,10791.0,775.0,-0.034
Rwanda,Africa,2021,11070.0,11964.0,822.0,0.109
Saint Kitts and Nevis,North America,1995,313.0,496.0,7367.0,0.054000000000000006
Saint Kitts and Nevis,North America,2005,574.0,771.0,12284.0,0.102
Saint Kitts and Nevis,North America,2010,779.0,827.0,16428.0,-0.001
Saint Kitts and Nevis,North America,2015,957.0,957.0,20026.0,0.006999999999999999
Saint Kitts and Nevis,North America,2019,1108.0,1056.0,23219.0,0.04
Saint Kitts and Nevis,North America,2020,885.0,903.0,18566.0,-0.145
Saint Kitts and Nevis,North America,2021,861.0,895.0,18083.0,-0.009000000000000001
Saint Lucia,North America,1995,739.0,1246.0,4851.0,0.011000000000000001
Saint Lucia,North America,2005,1120.0,1556.0,6770.0,-0.004
Saint Lucia,North America,2010,1487.0,1747.0,8697.0,0.005
Saint Lucia,North America,2015,1810.0,1810.0,10306.0,0.001
Saint Lucia,North America,2019,2119.0,1993.0,11864.0,-0.001
Saint Lucia,North America,2020,1617.0,1587.0,9020.0,-0.204
Saint Lucia,North America,2021,1765.0,1692.0,9824.0,0.066
Saint Vincent & Grenadines,North America,1995,324.0,472.0,2842.0,0.083
Saint Vincent & Grenadines,North America,2005,580.0,702.0,5176.0,0.025
Saint Vincent & Grenadines,North America,2010,720.0,734.0,6591.0,-0.045
Saint Vincent & Grenadines,North America,2015,787.0,787.0,7387.0,0.027999999999999997
Saint Vincent & Grenadines,North America,2019,910.0,862.0,8674.0,0.004
Saint Vincent & Grenadines,North America,2020,872.0,816.0,8335.0,-0.053
Saint Vincent & Grenadines,North America,2021,881.0,820.0,8440.0,0.005
Samoa,Oceania,1995,202.0,446.0,1152.0,0.06
Samoa,Oceania,2005,447.0,710.0,2368.0,0.051
Samoa,Oceania,2010,699.0,755.0,3589.0,0.016
Samoa,Oceania,2015,826.0,826.0,4055.0,0.061
Samoa,Oceania,2019,913.0,908.0,4306.0,0.027999999999999997
Samoa,Oceania,2020,829.0,817.0,3858.0,-0.10099999999999999
Samoa,Oceania,2021,857.0,798.0,3919.0,-0.023
San Marino,Europe,1995,1020.0,1332.0,40976.0,0.09300000000000001
San Marino,Europe,2005,2027.0,2070.0,68708.0,0.023
San Marino,Europe,2010,2139.0,1881.0,67684.0,-0.046
San Marino,Europe,2015,1419.0,1419.0,42265.0,-0.062
San Marino,Europe,2019,1616.0,1506.0,47289.0,0.021
San Marino,Europe,2020,1545.0,1406.0,45423.0,-0.066
San Marino,Europe,2021,1702.0,1482.0,50425.0,0.054000000000000006
Sao Tome and Principe,Africa,1995,99.0,141.0,741.0,0.02
Sao Tome and Principe,Africa,2005,126.0,191.0,781.0,0.071
Sao Tome and Principe,Africa,2010,197.0,255.0,1084.0,0.067
Sao Tome and Principe,Africa,2015,318.0,318.0,1582.0,0.039
Sao Tome and Principe,Africa,2019,431.0,362.0,2007.0,0.022000000000000002
Sao Tome and Principe,Africa,2020,476.0,373.0,2179.0,0.031
Sao Tome and Principe,Africa,2021,555.0,380.0,2486.0,0.018000000000000002
Saudi Arabia,Asia,1995,143152.0,336810.0,7579.0,0.002
Saudi Arabia,Asia,2005,328461.0,444967.0,13463.0,0.055999999999999994
Saudi Arabia,Asia,2010,528207.0,509172.0,17959.0,0.05
Saudi Arabia,Asia,2015,654270.0,654270.0,19978.0,0.040999999999999995
Saudi Arabia,Asia,2019,803616.0,679127.0,22430.0,0.003
Saudi Arabia,Asia,2020,703368.0,651027.0,19540.0,-0.040999999999999995
Saudi Arabia,Asia,2021,833541.0,672127.0,23186.0,0.032
Senegal,Africa,1995,6306.0,8306.0,730.0,0.047
Senegal,Africa,2005,11005.0,12564.0,1003.0,0.043
Senegal,Africa,2010,16106.0,14564.0,1285.0,0.034
Senegal,Africa,2015,17761.0,17761.0,1237.0,0.064
Senegal,Africa,2019,23404.0,22544.0,1463.0,0.046
Senegal,Africa,2020,24498.0,22843.0,1491.0,0.013000000000000001
Senegal,Africa,2021,27625.0,24229.0,1637.0,0.061
Serbia,Europe,1995,21907.0,21208.0,2164.0,0.057
Serbia,Europe,2005,27683.0,32776.0,3535.0,0.055
Serbia,Europe,2010,41819.0,37960.0,5464.0,0.006999999999999999
Serbia,Europe,2015,39656.0,39656.0,5274.0,0.018000000000000002
Serbia,Europe,2019,51514.0,45616.0,6960.0,0.043
Serbia,Europe,2020,53335.0,45185.0,7249.0,-0.009000000000000001
Serbia,Europe,2021,63068.0,48524.0,8643.0,0.07400000000000001
Seychelles,Africa,1995,614.0,656.0,8216.0,-0.006
Seychelles,Africa,2005,919.0,862.0,10702.0,0.09
Seychelles,Africa,2010,986.0,1085.0,10669.0,0.064
Seychelles,Africa,2015,1391.0,1391.0,14021.0,0.042
Seychelles,Africa,2019,1645.0,1635.0,15762.0,0.049
Seychelles,Africa,2020,1183.0,1494.0,11215.0,-0.086
Seychelles,Africa,2021,1287.0,1529.0,12085.0,0.024
Sierra Leone,Africa,1995,1179.0,2512.0,273.0,-0.1
Sierra Leone,Africa,2005,1650.0,2679.0,290.0,0.045
Sierra Leone,Africa,2010,2578.0,3457.0,401.0,0.053
Sierra Leone,Africa,2015,4248.0,4248.0,581.0,-0.205
Sierra Leone,Africa,2019,4077.0,5105.0,507.0,0.053
Sierra Leone,Africa,2020,4063.0,5004.0,493.0,-0.02
Sierra Leone,Africa,2021,4249.0,5210.0,505.0,0.040999999999999995
Singapore,Asia,1995,87813.0,107026.0,24779.0,0.07200000000000001
Singapore,Asia,2005,127808.0,177990.0,29417.0,0.07400000000000001
Singapore,Asia,2010,239808.0,247501.0,46442.0,0.147
Singapore,Asia,2015,307999.0,307999.0,54513.0,0.03
Singapore,Asia,2019,375484.0,349852.0,64006.0,0.011000000000000001
Singapore,Asia,2020,345286.0,335357.0,58425.0,-0.040999999999999995
Singapore,Asia,2021,396992.0,360891.0,66822.0,0.076
Slovakia,Europe,1995,20042.0,40425.0,3746.0,0.057999999999999996
Slovakia,Europe,2005,49033.0,61364.0,9120.0,0.066
Slovakia,Europe,2010,91074.0,78598.0,16877.0,0.067
Slovakia,Europe,2015,88865.0,88865.0,16382.0,0.052000000000000005
Slovakia,Europe,2019,105720.0,99457.0,19384.0,0.025
Slovakia,Europe,2020,106697.0,96101.0,19553.0,-0.034
Slovakia,Europe,2021,116527.0,98998.0,21390.0,0.03
Slovenia,Europe,1995,21354.0,26407.0,10724.0,0.040999999999999995
Slovenia,Europe,2005,36204.0,38472.0,18059.0,0.038
Slovenia,Europe,2010,48161.0,42210.0,23410.0,0.013000000000000001
Slovenia,Europe,2015,43090.0,43090.0,20708.0,0.022000000000000002
Slovenia,Europe,2019,54332.0,50363.0,25714.0,0.035
Slovenia,Europe,2020,53707.0,48186.0,25362.0,-0.043
Slovenia,Europe,2021,61749.0,52143.0,29135.0,0.08199999999999999
Solomon Islands,Oceania,1995,377.0,688.0,1004.0,0.136
Solomon Islands,Oceania,2005,553.0,848.0,1146.0,0.07400000000000001
Solomon Islands,Oceania,2010,898.0,1097.0,1662.0,0.09699999999999999
Solomon Islands,Oceania,2015,1308.0,1308.0,2135.0,0.017
Solomon Islands,Oceania,2019,1619.0,1488.0,2399.0,0.017
Solomon Islands,Oceania,2020,1536.0,1437.0,2222.0,-0.034
Solomon Islands,Oceania,2021,1632.0,1434.0,2306.0,-0.002
Somalia,Africa,1995,1535.0,1587.0,213.0,0.04
Somalia,Africa,2005,4683.0,3026.0,447.0,0.071
Somalia,Africa,2010,2688.0,4176.0,223.0,0.067
Somalia,Africa,2015,5335.0,5335.0,388.0,0.15
Somalia,Africa,2019,6485.0,6639.0,406.0,0.027000000000000003
Somalia,Africa,2020,6883.0,6620.0,416.0,-0.003
Somalia,Africa,2021,7628.0,6814.0,447.0,0.028999999999999998
South Africa,Africa,1995,171736.0,193065.0,3904.0,0.031
South Africa,Africa,2005,288867.0,267374.0,5893.0,0.053
South Africa,Africa,2010,417364.0,311453.0,8060.0,0.03
South Africa,Africa,2015,346486.0,346486.0,6201.0,0.013000000000000001
South Africa,Africa,2019,388531.0,359286.0,6689.0,0.003
South Africa,Africa,2020,337620.0,336498.0,5742.0,-0.063
South Africa,Africa,2021,419016.0,353031.0,7055.0,0.049
South Sudan,Africa,2010,14925.0,7106.0,1536.0,-0.005
South Sudan,Africa,2015,6231.0,6231.0,557.0,0.069
South Sudan,Africa,2019,4306.0,6493.0,412.0,0.114
South Sudan,Africa,2020,4216.0,6275.0,397.0,-0.034
South Sudan,Africa,2021,4304.0,6131.0,400.0,-0.023
Spain,Europe,1995,614612.0,794233.0,15437.0,0.027999999999999997
Spain,Europe,2005,1153257.0,1140888.0,26399.0,0.037000000000000005
Spain,Europe,2010,1420722.0,1196654.0,30505.0,0.002
Spain,Europe,2015,1195676.0,1195676.0,25751.0,0.038
Spain,Europe,2019,1394320.0,1323386.0,29584.0,0.02
Spain,Europe,2020,1276963.0,1173507.0,26961.0,-0.113
Spain,Europe,2021,1427381.0,1238280.0,30058.0,0.055
Sri Lanka,Asia,1995,15293.0,28184.0,841.0,0.055
Sri Lanka,Asia,2005,27932.0,43875.0,1420.0,0.062
Sri Lanka,Asia,2010,56726.0,59780.0,2745.0,0.08
Sri Lanka,Asia,2015,80604.0,80604.0,3778.0,0.05
Sri Lanka,Asia,2019,83903.0,92186.0,3875.0,0.023
Sri Lanka,Asia,2020,80970.0,88854.0,3729.0,-0.036000000000000004
Sri Lanka,Asia,2021,85309.0,92102.0,3918.0,0.037000000000000005
State of Palestine,Africa,1995,3283.0,5418.0,1251.0,0.071
State of Palestine,Africa,2005,5126.0,8740.0,1447.0,0.113
State of Palestine,Africa,2010,9682.0,11082.0,2425.0,0.057999999999999996
State of Palestine,Africa,2015,13972.0,13972.0,3116.0,0.037000000000000005
State of Palestine,Africa,2019,17134.0,15829.0,3490.0,0.013999999999999999
State of Palestine,Africa,2020,15532.0,14037.0,3094.0,-0.113
State of Palestine,Africa,2021,18037.0,15027.0,3514.0,0.071
Sudan,Africa,2010,54740.0,72125.0,1622.0,0.083
Sudan,Africa,2015,83934.0,83934.0,2199.0,0.04
Sudan,Africa,2019,35119.0,94753.0,812.0,0.013000000000000001
Sudan,Africa,2020,34286.0,91313.0,771.0,-0.036000000000000004
Sudan,Africa,2021,35867.0,91418.0,786.0,0.001
Sudan,Africa,1995,12847.0,29907.0,449.0,0.06
Sudan,Africa,2005,35183.0,59423.0,946.0,0.09
Suriname,South America,1995,844.0,2507.0,1943.0,0.0
Suriname,South America,2005,2193.0,3523.0,4248.0,0.039
Suriname,South America,2010,4482.0,4534.0,8207.0,0.061
Suriname,South America,2015,5126.0,5126.0,8908.0,-0.026000000000000002
Suriname,South America,2019,4255.0,5256.0,7088.0,0.012
Suriname,South America,2020,4159.0,4417.0,6851.0,-0.16
Suriname,South America,2021,3224.0,4296.0,5259.0,-0.027000000000000003
Sweden,Europe,1995,267307.0,305837.0,30520.0,0.039
Sweden,Europe,2005,392219.0,415273.0,43331.0,0.028999999999999998
Sweden,Europe,2010,495813.0,453619.0,52849.0,0.06
Sweden,Europe,2015,505104.0,505104.0,51283.0,0.045
Sweden,Europe,2019,533880.0,549821.0,51995.0,0.02
Sweden,Europe,2020,547054.0,537889.0,52759.0,-0.022000000000000002
Sweden,Europe,2021,635664.0,565187.0,60730.0,0.051
Switzerland,Europe,1995,353142.0,474507.0,50174.0,0.005
Switzerland,Europe,2005,420553.0,571056.0,56614.0,0.028999999999999998
Switzerland,Europe,2010,603434.0,641852.0,77142.0,0.033
Switzerland,Europe,2015,702150.0,702150.0,84783.0,0.017
Switzerland,Europe,2019,731718.0,758168.0,85326.0,0.012
Switzerland,Europe,2020,752248.0,740026.0,87080.0,-0.024
Switzerland,Europe,2021,812867.0,767349.0,93525.0,0.037000000000000005
Syrian Arab Republic,Asia,1995,13539.0,20842.0,946.0,0.07
Syrian Arab Republic,Asia,2005,28397.0,31873.0,1528.0,0.062
Syrian Arab Republic,Asia,2010,60465.0,40497.0,2707.0,0.034
Syrian Arab Republic,Asia,2015,19967.0,19967.0,1040.0,-0.032
Syrian Arab Republic,Asia,2019,26597.0,19693.0,1323.0,0.037000000000000005
Syrian Arab Republic,Asia,2020,23208.0,17625.0,1117.0,-0.105
Syrian Arab Republic,Asia,2021,19719.0,17114.0,925.0,-0.028999999999999998
Tajikistan,Asia,1995,1218.0,2842.0,206.0,-0.124
Tajikistan,Asia,2005,2312.0,4515.0,334.0,0.067
Tajikistan,Asia,2010,5642.0,6183.0,740.0,0.065
Tajikistan,Asia,2015,8271.0,8271.0,970.0,0.06
Tajikistan,Asia,2019,8301.0,10946.0,889.0,0.07400000000000001
Tajikistan,Asia,2020,8134.0,11427.0,852.0,0.044000000000000004
Tajikistan,Asia,2021,8746.0,12478.0,897.0,0.092
Thailand,Asia,1995,169279.0,213636.0,2849.0,0.081
Thailand,Asia,2005,189318.0,288645.0,2876.0,0.042
Thailand,Asia,2010,341105.0,346968.0,4996.0,0.075
Thailand,Asia,2015,401296.0,401296.0,5709.0,0.031
Thailand,Asia,2019,544081.0,460380.0,7630.0,0.022000000000000002
Thailand,Asia,2020,500225.0,431857.0,6999.0,-0.062
Thailand,Asia,2021,505982.0,438621.0,7067.0,0.016
Timor-Leste,Asia,1995,416.0,1118.0,508.0,0.067
Timor-Leste,Asia,2005,462.0,914.0,477.0,0.03
Timor-Leste,Asia,2010,882.0,1296.0,810.0,0.096
Timor-Leste,Asia,2015,1594.0,1594.0,1322.0,0.027999999999999997
Timor-Leste,Asia,2019,2048.0,1897.0,1599.0,0.195
Timor-Leste,Asia,2020,1902.0,2093.0,1463.0,0.10400000000000001
Timor-Leste,Asia,2021,2004.0,2126.0,1517.0,0.015
Togo,Africa,1995,1663.0,2227.0,389.0,0.068
Togo,Africa,2005,2559.0,2924.0,448.0,0.07
Togo,Africa,2010,4742.0,4336.0,722.0,0.059000000000000004
Togo,Africa,2015,5751.0,5751.0,770.0,0.055
Togo,Africa,2019,6993.0,6954.0,848.0,0.049
Togo,Africa,2020,7336.0,7076.0,869.0,0.018000000000000002
Togo,Africa,2021,8160.0,7449.0,944.0,0.053
Tonga,Oceania,1995,209.0,338.0,2089.0,0.028999999999999998
Tonga,Oceania,2005,261.0,379.0,2472.0,-0.004
Tonga,Oceania,2010,371.0,362.0,3457.0,0.008
Tonga,Oceania,2015,403.0,403.0,3800.0,0.012
Tonga,Oceania,2019,508.0,448.0,4840.0,0.006999999999999999
Tonga,Oceania,2020,487.0,450.0,4626.0,0.005
Tonga,Oceania,2021,472.0,438.0,4451.0,-0.027000000000000003
Trinidad and Tobago,North America,1995,5625.0,9709.0,4301.0,0.04
Trinidad and Tobago,North America,2005,16870.0,20614.0,12322.0,0.062
Trinidad and Tobago,North America,2010,23352.0,24968.0,16558.0,0.033
Trinidad and Tobago,North America,2015,26852.0,26852.0,18390.0,-0.008
Trinidad and Tobago,North America,2019,23850.0,23675.0,15691.0,0.001
Trinidad and Tobago,North America,2020,21059.0,21858.0,13872.0,-0.077
Trinidad and Tobago,North America,2021,24460.0,21633.0,16033.0,-0.01
Tunisia,Africa,1995,19795.0,19938.0,2130.0,0.023
Tunisia,Africa,2005,32272.0,31649.0,3107.0,0.035
Tunisia,Africa,2010,44051.0,39518.0,4043.0,0.035
Tunisia,Africa,2015,45779.0,45779.0,3961.0,0.024
Tunisia,Africa,2019,41906.0,51719.0,3478.0,0.015
Tunisia,Africa,2020,42538.0,47259.0,3498.0,-0.086
Tunisia,Africa,2021,46687.0,49303.0,3807.0,0.043
Turkmenistan,Asia,1995,2190.0,10152.0,518.0,-0.07200000000000001
Turkmenistan,Asia,2005,14174.0,16194.0,2901.0,0.13
Turkmenistan,Asia,2010,22583.0,28241.0,4287.0,0.162
Turkmenistan,Asia,2015,36052.0,36052.0,6252.0,0.03
Turkmenistan,Asia,2019,45939.0,36431.0,7460.0,-0.034
Turkmenistan,Asia,2020,46135.0,35355.0,7381.0,-0.03
Turkmenistan,Asia,2021,53954.0,36989.0,8508.0,0.046
Turks and Caicos Islands,North America,1995,191.0,308.0,12615.0,0.073
Turks and Caicos Islands,North America,2005,579.0,690.0,24115.0,0.14400000000000002
Turks and Caicos Islands,North America,2010,687.0,756.0,23104.0,0.01
Turks and Caicos Islands,North America,2015,942.0,942.0,25783.0,0.113
Turks and Caicos Islands,North America,2019,1197.0,1096.0,27795.0,0.053
Turks and Caicos Islands,North America,2020,925.0,802.0,20882.0,-0.268
Turks and Caicos Islands,North America,2021,943.0,819.0,20909.0,0.021
Tuvalu,Oceania,1995,12.0,20.0,1227.0,-0.05
Tuvalu,Oceania,2005,22.0,27.0,2187.0,-0.040999999999999995
Tuvalu,Oceania,2010,31.0,29.0,2976.0,-0.033
Tuvalu,Oceania,2015,36.0,36.0,3328.0,0.10400000000000001
Tuvalu,Oceania,2019,54.0,46.0,4943.0,0.13699999999999998
Tuvalu,Oceania,2020,52.0,44.0,4675.0,-0.042
Tuvalu,Oceania,2021,60.0,45.0,5370.0,0.017
Türkiye,Asia,1995,233253.0,337255.0,3933.0,0.07200000000000001
Türkiye,Asia,2005,506315.0,525475.0,7369.0,0.09
Türkiye,Asia,2010,776967.0,614169.0,10615.0,0.084
Türkiye,Asia,2015,864314.0,864314.0,10852.0,0.061
Türkiye,Asia,2019,759935.0,996386.0,9103.0,0.008
Türkiye,Asia,2020,720289.0,1015716.0,8561.0,0.019
Türkiye,Asia,2021,819034.0,1131036.0,9661.0,0.114
Uganda,Africa,1995,7148.0,7334.0,346.0,0.094
Uganda,Africa,2005,11158.0,14424.0,399.0,0.1
Uganda,Africa,2010,30701.0,23621.0,949.0,0.19899999999999998
Uganda,Africa,2015,29297.0,29297.0,782.0,0.061
Uganda,Africa,2019,37775.0,36058.0,880.0,0.078
Uganda,Africa,2020,38061.0,35549.0,857.0,-0.013999999999999999
Uganda,Africa,2021,42661.0,37934.0,930.0,0.067
Ukraine,Europe,1995,50376.0,76792.0,987.0,-0.122
Ukraine,Europe,2005,89239.0,100863.0,1902.0,0.031
Ukraine,Europe,2010,136012.0,102154.0,2977.0,0.003
Ukraine,Europe,2015,91031.0,91031.0,2024.0,-0.098
Ukraine,Europe,2019,153883.0,101944.0,3481.0,0.032
Ukraine,Europe,2020,156618.0,98118.0,3567.0,-0.038
Ukraine,Europe,2021,200086.0,101408.0,4596.0,0.034
United Arab Emirates,Asia,1995,66603.0,138960.0,27364.0,0.08199999999999999
United Arab Emirates,Asia,2005,182978.0,246972.0,42742.0,0.049
United Arab Emirates,Asia,2010,289787.0,278173.0,34166.0,0.016
United Arab Emirates,Asia,2015,358135.0,358135.0,40164.0,0.051
United Arab Emirates,Asia,2019,417216.0,395104.0,45292.0,0.034
United Arab Emirates,Asia,2020,357219.0,375979.0,38463.0,-0.048
United Arab Emirates,Asia,2021,405468.0,390147.0,43295.0,0.038
United Kingdom,Europe,1995,1346252.0,1958703.0,23239.0,0.027000000000000003
United Kingdom,Europe,2005,2544813.0,2599922.0,42144.0,0.027000000000000003
United Kingdom,Europe,2010,2491397.0,2660406.0,39697.0,0.024
United Kingdom,Europe,2015,2934858.0,2934858.0,44996.0,0.024
United Kingdom,Europe,2019,2857058.0,3174164.0,42784.0,0.016
United Kingdom,Europe,2020,2704609.0,2824026.0,40331.0,-0.11
United Kingdom,Europe,2021,3131378.0,3036532.0,46542.0,0.075
Tanzania,Africa,1995,7198.0,14882.0,242.0,0.036000000000000004
Tanzania,Africa,2005,17174.0,25697.0,448.0,0.07400000000000001
Tanzania,Africa,2010,31553.0,34515.0,719.0,0.064
Tanzania,Africa,2015,47379.0,47379.0,927.0,0.062
Tanzania,Africa,2019,61027.0,61865.0,1048.0,0.07
Tanzania,Africa,2020,65892.0,64844.0,1098.0,0.048
Tanzania,Africa,2021,70297.0,68052.0,1136.0,0.049
United States of America,North America,1995,7639749.0,11135929.0,28758.0,0.027000000000000003
United States of America,North America,2005,13039197.0,15600244.0,43926.0,0.035
United States of America,North America,2010,15048970.0,16383040.0,48361.0,0.027000000000000003
United States of America,North America,2015,18206023.0,18206023.0,56086.0,0.027000000000000003
United States of America,North America,2019,21380976.0,19928973.0,63954.0,0.023
United States of America,North America,2020,21060474.0,19377383.0,62691.0,-0.027999999999999997
United States of America,North America,2021,23315081.0,20529463.0,69185.0,0.059000000000000004
Uruguay,South America,1995,21312.0,30066.0,6643.0,-0.015
Uruguay,South America,2005,17363.0,33781.0,5233.0,0.075
Uruguay,South America,2010,40285.0,45125.0,12016.0,0.078
Uruguay,South America,2015,57081.0,57081.0,16775.0,0.018000000000000002
Uruguay,South America,2019,61231.0,60306.0,17860.0,0.004
Uruguay,South America,2020,53561.0,56615.0,15620.0,-0.061
Uruguay,South America,2021,59318.0,59087.0,17313.0,0.044000000000000004
Uzbekistan,Asia,1995,16177.0,24003.0,703.0,-0.009000000000000001
Uzbekistan,Asia,2005,17085.0,37973.0,643.0,0.07
Uzbekistan,Asia,2010,50010.0,60877.0,1748.0,0.099
Uzbekistan,Asia,2015,86196.0,86196.0,2785.0,0.07200000000000001
Uzbekistan,Asia,2019,59908.0,106161.0,1817.0,0.057
Uzbekistan,Asia,2020,59894.0,108164.0,1786.0,0.019
Uzbekistan,Asia,2021,69239.0,116190.0,2032.0,0.07400000000000001
Vanuatu,Oceania,1995,273.0,450.0,1598.0,0.047
Vanuatu,Oceania,2005,395.0,554.0,1815.0,0.053
Vanuatu,Oceania,2010,701.0,706.0,2855.0,0.016
Vanuatu,Oceania,2015,760.0,760.0,2748.0,0.002
Vanuatu,Oceania,2019,940.0,872.0,3089.0,0.032
Vanuatu,Oceania,2020,909.0,828.0,2918.0,-0.05
Vanuatu,Oceania,2021,981.0,829.0,3073.0,0.001
Venezuela,South America,1995,74892.0,242554.0,3388.0,0.04
Venezuela,South America,2005,145514.0,285620.0,5456.0,0.10300000000000001
Venezuela,South America,2010,393806.0,342616.0,13714.0,-0.015
Venezuela,South America,2015,344341.0,344341.0,11279.0,-0.062
Venezuela,South America,2019,150165.0,139968.0,5183.0,-0.27699999999999997
Venezuela,South America,2020,106499.0,97988.0,3738.0,-0.3
Venezuela,South America,2021,111813.0,98454.0,3965.0,0.005
Viet Nam,Asia,1995,20736.0,51708.0,281.0,0.095
Viet Nam,Asia,2005,57633.0,102817.0,693.0,0.075
Viet Nam,Asia,2010,147201.0,177322.0,1684.0,0.11599999999999999
Viet Nam,Asia,2015,239258.0,239258.0,2595.0,0.07
Viet Nam,Asia,2019,334365.0,314948.0,3491.0,0.07400000000000001
Viet Nam,Asia,2020,346616.0,323978.0,3586.0,0.028999999999999998
Viet Nam,Asia,2021,366138.0,332271.0,3756.0,0.026000000000000002
Yemen,Asia,1995,5935.0,21498.0,369.0,0.16699999999999998
Yemen,Asia,2005,19041.0,41586.0,893.0,0.051
Yemen,Asia,2010,30907.0,49486.0,1249.0,0.040999999999999995
Yemen,Asia,2015,24819.0,24819.0,870.0,-0.361
Yemen,Asia,2019,12980.0,18973.0,411.0,0.013999999999999999
Yemen,Asia,2020,9417.0,19201.0,292.0,0.012
Yemen,Asia,2021,9947.0,19009.0,302.0,-0.01
Zambia,Africa,1995,3807.0,6623.0,438.0,0.028999999999999998
Zambia,Africa,2005,8332.0,10687.0,720.0,0.07200000000000001
Zambia,Africa,2010,20265.0,16222.0,1469.0,0.10300000000000001
Zambia,Africa,2015,20859.0,20859.0,1284.0,0.028999999999999998
Zambia,Africa,2019,23310.0,23645.0,1268.0,0.013999999999999999
Zambia,Africa,2020,18111.0,22987.0,957.0,-0.027999999999999997
Zambia,Africa,2021,21313.0,24044.0,1095.0,0.046
Zanzibar,Africa,1995,186.0,350.0,235.0,0.035
Zanzibar,Africa,2005,438.0,682.0,408.0,0.049
Zanzibar,Africa,2010,820.0,888.0,657.0,0.043
Zanzibar,Africa,2015,1184.0,1184.0,821.0,0.062
Zanzibar,Africa,2019,1807.0,1546.0,1112.0,0.07
Zanzibar,Africa,2020,1835.0,1566.0,1098.0,0.013000000000000001
Zanzibar,Africa,2021,2080.0,1646.0,1211.0,0.051
Zimbabwe,Africa,1995,11063.0,10458.0,1006.0,0.002
Zimbabwe,Africa,2005,7189.0,8316.0,588.0,-0.040999999999999995
Zimbabwe,Africa,2010,12042.0,14100.0,938.0,0.19699999999999998
Zimbabwe,Africa,2015,19963.0,19963.0,1410.0,0.018000000000000002
Zimbabwe,Africa,2019,22595.0,20705.0,1472.0,-0.061
Zimbabwe,Africa,2020,21665.0,19608.0,1383.0,-0.053
Zimbabwe,Africa,2021,24118.0,20843.0,1508.0,0.063
